frame,kp0_x,kp0_y,kp0_conf,kp1_x,kp1_y,kp1_conf,kp2_x,kp2_y,kp2_conf,kp3_x,kp3_y,kp3_conf,kp4_x,kp4_y,kp4_conf,kp5_x,kp5_y,kp5_conf,kp6_x,kp6_y,kp6_conf,kp7_x,kp7_y,kp7_conf,kp8_x,kp8_y,kp8_conf,kp9_x,kp9_y,kp9_conf,kp10_x,kp10_y,kp10_conf,kp11_x,kp11_y,kp11_conf,kp12_x,kp12_y,kp12_conf,kp13_x,kp13_y,kp13_conf,kp14_x,kp14_y,kp14_conf,kp15_x,kp15_y,kp15_conf,kp16_x,kp16_y,kp16_conf
0,371.28,638.74,0.98,384.69,628.64,0.93,360.29,626.6,0.96,404.96,625.23,0.7,339.5,620.18,0.83,414.78,672.43,0.99,308.69,667.83,1.0,427.88,754.5,0.96,272.28,758.24,0.98,414.74,811.93,0.93,286.62,829.5,0.96,374.34,795.88,1.0,301.05,792.34,1.0,380.85,912.7,0.99,274.47,908.8,0.99,365.96,1040.17,0.97,255.62,1041.85,0.98
1,374.48,634.12,0.98,385.57,623.6,0.91,362.55,622.92,0.96,402.43,617.22,0.58,338.57,615.36,0.87,413.58,661.96,0.99,308.03,660.23,1.0,426.51,737.81,0.94,270.08,746.72,0.99,414.74,794.89,0.92,282.49,817.47,0.98,378.82,789.16,1.0,306.48,786.86,1.0,380.55,910.08,0.99,278.22,908.2,1.0,363.81,1035.13,0.98,253.04,1039.36,0.98
2,377.69,628.31,0.98,387.68,617.91,0.91,365.47,617.17,0.97,402.16,611.91,0.56,338.42,609.82,0.88,413.32,656.27,0.99,305.89,653.88,1.0,429.37,724.88,0.94,266.83,734.97,0.99,416.18,777.96,0.92,280.68,807.47,0.98,379.7,783.62,1.0,306.55,780.65,1.0,377.89,905.98,0.99,277.23,901.19,1.0,361.58,1031.22,0.97,252.97,1029.24,0.98
3,378.02,627.46,0.98,386.7,617.15,0.88,366.28,616.35,0.96,399.13,607.04,0.51,338.95,605.2,0.87,413.85,645.72,0.99,302.85,645.83,1.0,430.88,710.71,0.94,264.53,729.22,0.99,415.12,765.97,0.92,281.23,803.6,0.98,379.75,779.87,1.0,305.48,777.35,1.0,375.3,903.64,0.99,278.92,896.94,1.0,354.1,1027.76,0.98,256.81,1021.63,0.98
4,373.5,624.94,0.97,382.18,615.35,0.86,362.89,613.97,0.94,0.0,0.0,0.49,338.56,602.48,0.84,410.38,642.44,0.98,302.47,640.96,1.0,424.94,707.14,0.94,263.98,725.62,0.99,409.69,761.8,0.92,279.7,803.45,0.98,376.15,772.64,1.0,304.22,768.95,1.0,371.12,900.64,0.99,281.1,889.64,1.0,350.05,1026.53,0.97,262.03,1014.92,0.98
5,365.86,621.56,0.97,375.59,611.18,0.89,354.2,610.83,0.95,391.57,600.84,0.56,331.19,600.62,0.84,408.81,637.51,0.99,300.66,641.14,1.0,423.23,699.56,0.94,265.91,728.92,0.99,402.24,752.73,0.91,280.9,804.94,0.97,373.78,766.53,0.99,301.92,764.32,1.0,367.71,893.86,0.99,282.72,883.58,0.99,348.29,1025.2,0.97,268.91,1012.88,0.98
6,365.36,621.74,0.98,376.48,611.52,0.91,352.93,611.01,0.97,392.91,605.1,0.56,327.0,604.0,0.88,402.62,644.11,0.99,298.63,649.66,1.0,413.71,702.07,0.93,271.73,740.22,0.99,390.64,752.64,0.9,288.27,820.31,0.98,368.26,764.93,0.99,298.2,764.44,1.0,365.93,891.19,0.99,284.15,886.16,0.99,347.08,1019.5,0.96,273.46,1016.75,0.98
7,367.47,631.23,0.98,377.94,619.82,0.89,354.93,620.44,0.97,390.56,612.02,0.51,325.24,612.46,0.91,397.54,647.17,0.98,295.4,657.83,1.0,408.49,710.06,0.89,275.23,748.25,0.99,384.72,753.9,0.85,297.1,826.59,0.97,366.82,774.22,0.99,297.48,778.09,1.0,363.83,894.7,0.99,286.27,898.01,0.99,342.47,1020.43,0.96,281.67,1026.51,0.98
8,359.79,646.89,0.97,368.21,634.86,0.9,346.74,634.99,0.97,0.0,0.0,0.42,320.92,623.25,0.88,390.97,651.87,0.99,286.98,661.61,1.0,403.94,714.3,0.92,268.54,754.51,0.99,380.58,747.37,0.91,297.2,834.12,0.97,363.46,792.01,0.99,293.67,796.98,1.0,365.09,909.2,0.98,284.27,914.25,0.99,342.56,1022.93,0.92,267.34,1031.46,0.95
9,350.51,660.5,0.97,360.41,646.75,0.89,335.62,648.8,0.97,0.0,0.0,0.37,312.39,641.71,0.92,392.31,670.92,0.99,280.42,681.47,1.0,404.18,752.14,0.87,269.39,776.86,0.99,384.91,807.45,0.86,314.35,839.34,0.98,368.16,793.59,0.99,293.6,799.01,1.0,368.22,906.42,0.98,282.76,911.7,0.99,332.62,1018.4,0.94,268.83,1027.75,0.97
10,348.88,670.87,0.97,358.53,657.6,0.88,334.62,659.69,0.97,0.0,0.0,0.38,312.29,653.46,0.91,390.59,680.79,0.99,280.27,689.95,1.0,403.24,763.41,0.89,273.29,781.41,0.99,382.41,807.62,0.87,322.35,820.88,0.98,362.0,791.83,0.99,287.62,796.56,1.0,367.49,904.95,0.98,278.01,909.94,0.99,336.57,1016.71,0.95,266.01,1025.82,0.97
11,357.2,674.37,0.98,365.53,663.71,0.89,345.47,665.1,0.97,0.0,0.0,0.5,318.0,660.71,0.9,386.11,681.2,0.99,283.99,710.53,1.0,411.01,684.43,0.93,277.92,792.77,0.99,390.41,658.63,0.89,320.12,791.31,0.97,353.14,812.38,0.99,280.65,821.62,1.0,367.32,913.85,0.99,263.26,921.57,0.99,349.79,1022.25,0.96,250.1,1031.13,0.97
12,357.79,679.81,0.97,367.47,669.85,0.88,347.86,669.43,0.95,379.13,659.38,0.53,324.82,658.97,0.84,390.66,678.35,0.99,286.61,702.37,1.0,406.18,690.62,0.95,281.57,787.68,0.99,379.45,663.28,0.92,326.64,775.94,0.97,352.01,814.42,1.0,276.74,821.03,1.0,371.92,913.75,0.99,255.98,916.57,0.99,354.25,1021.51,0.97,242.46,1026.13,0.98
13,356.84,677.75,0.97,369.94,668.58,0.91,347.3,666.2,0.95,388.98,657.59,0.62,330.04,652.73,0.81,400.27,678.24,0.98,296.09,690.69,0.99,410.39,695.34,0.91,284.65,768.68,0.97,390.66,677.35,0.86,333.04,775.44,0.93,353.97,809.84,0.99,279.19,810.77,0.99,375.53,914.15,0.99,255.83,909.13,0.99,347.75,1025.62,0.97,232.49,1025.54,0.98
14,377.16,672.13,0.97,386.07,661.16,0.85,365.85,661.05,0.96,0.0,0.0,0.44,343.31,649.94,0.9,410.84,678.85,0.98,295.97,690.28,1.0,406.65,717.6,0.88,267.02,777.6,0.99,384.0,746.6,0.84,328.99,814.4,0.97,357.63,813.38,0.99,278.0,814.57,1.0,375.02,914.52,0.98,259.1,904.86,0.99,337.77,1029.54,0.96,229.34,1015.84,0.98
15,396.4,664.08,0.97,404.84,654.14,0.84,384.46,651.69,0.97,0.0,0.0,0.4,353.11,640.26,0.91,413.98,679.62,0.98,299.54,678.81,1.0,407.09,727.84,0.91,257.28,762.45,0.99,392.82,772.15,0.88,293.22,830.38,0.98,350.57,802.08,0.99,273.26,798.35,1.0,374.76,914.5,0.99,271.53,896.47,1.0,330.65,1024.4,0.97,237.31,1001.55,0.98
16,405.83,660.53,0.97,416.33,651.82,0.86,395.48,647.1,0.96,0.0,0.0,0.47,366.01,633.32,0.91,422.2,685.34,0.99,316.82,666.2,1.0,402.06,761.96,0.93,259.19,742.02,0.99,392.37,840.65,0.89,248.73,832.43,0.98,355.41,796.14,1.0,284.4,783.17,1.0,363.99,915.39,0.99,268.89,882.12,1.0,326.29,1023.76,0.97,241.13,984.32,0.98
17,407.64,663.8,0.97,418.3,653.39,0.87,396.36,649.32,0.96,429.18,642.76,0.52,365.91,634.0,0.9,422.15,687.71,0.99,320.67,660.88,1.0,405.21,777.4,0.94,254.21,725.93,0.99,402.37,866.78,0.89,209.14,794.37,0.97,343.28,802.55,1.0,275.7,785.62,1.0,361.4,919.82,0.99,276.98,882.4,0.99,326.61,1016.4,0.96,250.14,971.86,0.98
18,407.87,655.5,0.97,419.49,646.15,0.88,397.42,641.23,0.96,430.44,639.23,0.57,368.66,628.48,0.89,420.16,689.49,0.99,321.43,654.1,1.0,410.97,777.17,0.95,240.19,694.99,0.99,415.75,857.21,0.9,190.99,719.73,0.97,334.09,798.82,1.0,272.0,779.77,1.0,357.38,926.47,0.99,298.79,891.34,1.0,317.41,1019.0,0.97,276.71,979.97,0.98
19,403.33,642.9,0.98,414.62,634.82,0.88,393.02,628.39,0.97,0.0,0.0,0.49,364.44,616.03,0.92,418.66,691.69,0.99,318.83,640.3,1.0,426.66,774.31,0.92,230.91,655.53,0.99,440.9,808.6,0.88,167.55,674.92,0.98,330.56,811.72,1.0,270.58,787.05,1.0,354.04,936.76,0.99,306.49,898.55,1.0,300.88,1017.05,0.96,271.41,982.03,0.98
20,394.99,642.79,0.97,403.74,632.82,0.87,382.18,628.75,0.96,0.0,0.0,0.49,355.34,616.39,0.9,418.27,687.5,0.99,317.2,631.25,1.0,432.08,760.94,0.93,221.01,620.45,0.99,439.69,754.42,0.9,165.54,628.19,0.98,329.0,821.58,1.0,267.79,795.43,1.0,359.74,940.09,0.99,315.78,904.34,1.0,297.86,1011.2,0.96,256.73,979.2,0.98
21,380.77,632.69,0.97,391.22,623.6,0.85,369.78,619.89,0.95,0.0,0.0,0.48,345.84,604.27,0.89,407.19,666.84,0.99,311.13,622.82,1.0,435.65,733.84,0.92,219.05,605.95,0.99,432.35,774.9,0.89,168.82,602.38,0.98,333.71,805.19,1.0,281.74,788.09,1.0,343.52,906.09,0.99,342.5,900.71,1.0,253.79,994.24,0.97,302.39,1008.31,0.99
22,374.45,617.48,0.96,383.55,607.5,0.82,362.97,603.91,0.94,0.0,0.0,0.42,337.24,586.86,0.86,404.28,647.08,0.98,294.6,604.77,1.0,433.36,714.61,0.91,197.15,604.63,0.99,428.26,738.83,0.89,161.58,626.1,0.98,334.88,792.3,0.99,273.45,775.39,1.0,345.81,890.9,0.99,328.44,878.65,0.99,268.16,1004.75,0.96,292.05,1005.88,0.98
23,363.01,609.4,0.97,374.25,599.23,0.87,351.09,596.49,0.96,390.4,585.54,0.51,325.43,578.8,0.87,400.26,629.55,0.98,289.37,605.21,1.0,423.82,699.94,0.92,210.04,633.01,0.99,406.35,760.6,0.9,168.26,674.35,0.98,341.03,778.39,0.99,277.59,767.49,1.0,337.26,880.42,0.99,311.32,874.88,0.99,262.77,998.02,0.96,288.17,1006.32,0.98
24,354.44,604.18,0.97,366.51,593.92,0.88,342.39,591.39,0.95,384.94,580.89,0.56,318.44,575.09,0.85,395.21,624.87,0.99,284.37,608.37,1.0,410.69,702.71,0.94,217.43,666.61,0.99,394.47,785.51,0.91,194.98,747.75,0.98,337.28,771.59,1.0,273.21,762.87,1.0,324.03,890.27,0.99,296.6,883.96,0.99,250.5,1007.07,0.96,275.6,1011.11,0.98
25,341.34,594.96,0.97,354.99,585.27,0.9,330.18,581.16,0.94,376.7,575.36,0.63,310.3,566.12,0.8,394.13,628.45,0.99,278.3,612.72,1.0,407.33,724.61,0.95,230.22,700.04,0.98,395.16,810.35,0.93,222.15,792.53,0.97,343.29,780.6,0.99,274.86,770.56,1.0,318.88,908.31,0.99,279.73,894.08,0.99,253.04,1020.25,0.95,258.85,1013.33,0.97
26,338.28,597.73,0.97,348.74,587.14,0.85,326.89,585.91,0.95,363.47,578.26,0.5,303.03,574.85,0.85,380.65,624.92,0.99,273.33,627.54,1.0,411.91,702.28,0.94,239.99,719.38,0.99,411.5,771.48,0.91,251.94,800.95,0.97,350.68,788.25,1.0,283.2,789.56,1.0,331.82,906.09,0.99,273.19,920.17,0.99,274.74,1007.21,0.97,246.0,1037.76,0.98
27,339.7,589.61,0.98,350.0,578.65,0.9,326.67,579.14,0.96,363.37,574.36,0.53,299.11,575.02,0.87,380.47,621.1,0.99,269.84,638.8,1.0,422.97,669.5,0.93,247.32,730.54,0.99,425.41,713.09,0.91,288.19,785.73,0.97,351.17,790.07,1.0,280.71,798.23,1.0,336.12,909.31,0.99,268.95,936.44,0.99,276.05,994.19,0.96,234.14,1037.13,0.98
28,347.94,585.23,0.98,358.67,573.94,0.91,334.83,574.91,0.97,369.33,575.13,0.52,303.36,576.21,0.88,379.6,623.77,0.99,271.71,644.61,1.0,435.8,675.15,0.95,266.48,737.23,0.99,434.74,660.65,0.93,320.05,711.66,0.98,344.33,784.45,1.0,269.78,796.08,1.0,348.96,890.08,0.99,252.41,932.27,0.99,305.6,964.83,0.97,215.97,1029.5,0.98
29,356.52,581.79,0.98,367.7,569.65,0.91,343.73,571.11,0.97,379.75,567.86,0.56,317.08,570.3,0.86,388.61,614.0,0.99,285.36,631.37,1.0,429.36,665.87,0.96,280.9,717.87,0.99,435.21,636.63,0.93,342.89,669.79,0.98,345.23,773.55,1.0,271.22,782.07,1.0,348.42,876.51,0.99,238.91,905.93,0.99,321.75,984.36,0.97,203.53,1028.12,0.98
30,373.04,574.57,0.98,383.43,562.06,0.9,359.59,562.15,0.98,0.0,0.0,0.46,327.23,558.51,0.92,392.61,608.71,0.99,288.71,614.51,1.0,416.94,671.14,0.93,284.29,707.32,0.99,428.0,642.34,0.9,353.82,675.68,0.98,344.23,766.11,1.0,267.37,768.42,1.0,356.0,875.82,0.99,235.67,884.7,1.0,335.59,1009.08,0.97,202.02,1023.99,0.98
31,384.33,568.72,0.98,393.4,557.51,0.89,371.13,555.58,0.97,0.0,0.0,0.48,336.54,552.68,0.92,402.31,604.89,0.99,286.77,612.81,1.0,408.06,659.18,0.95,274.32,709.9,0.99,416.79,695.85,0.91,345.59,732.44,0.98,346.89,764.79,1.0,264.67,764.23,1.0,363.72,893.64,0.99,239.08,877.09,1.0,327.98,1023.61,0.97,202.53,992.67,0.98
32,393.33,569.3,0.98,403.03,558.87,0.89,379.72,554.2,0.97,0.0,0.0,0.5,344.46,549.03,0.91,410.74,615.63,0.99,288.87,605.08,1.0,394.02,684.71,0.94,257.57,703.66,0.99,397.05,754.9,0.9,296.81,787.72,0.97,335.56,766.17,0.99,253.3,753.24,1.0,355.03,913.15,0.99,250.75,857.27,0.99,317.95,1042.14,0.96,222.89,955.96,0.97
33,397.04,573.33,0.98,411.08,563.1,0.91,384.01,556.69,0.97,423.93,562.19,0.55,350.84,548.64,0.91,417.87,627.51,0.99,297.15,604.4,1.0,389.52,725.17,0.92,241.24,703.91,0.99,386.02,818.54,0.89,227.69,805.35,0.98,339.14,774.83,0.99,260.67,756.81,1.0,339.42,927.71,0.98,255.56,869.15,0.99,306.46,1066.43,0.93,244.86,985.93,0.96
34,399.33,572.42,0.98,414.12,562.58,0.89,387.06,556.96,0.97,423.43,564.49,0.53,353.46,552.18,0.92,408.48,635.92,0.99,299.05,611.91,1.0,390.75,732.25,0.93,222.55,684.01,0.99,388.43,809.81,0.9,170.16,755.52,0.98,324.07,798.18,0.99,257.71,784.84,1.0,326.97,953.67,0.98,283.12,926.39,0.99,285.07,1063.72,0.94,271.32,1038.49,0.96
35,394.85,572.95,0.98,408.37,562.16,0.9,379.96,558.83,0.97,422.19,565.38,0.53,348.0,557.74,0.93,408.26,642.01,0.99,305.8,608.02,1.0,404.47,720.98,0.93,206.28,643.15,0.99,403.86,757.04,0.89,141.93,699.19,0.98,317.44,803.85,1.0,257.46,788.27,1.0,324.47,960.46,0.99,298.98,945.2,1.0,257.55,1049.95,0.95,256.84,1046.68,0.97
36,385.94,567.17,0.98,395.41,557.66,0.87,371.76,553.38,0.97,0.0,0.0,0.43,337.13,551.96,0.93,406.79,645.24,0.99,289.91,594.97,1.0,415.29,726.91,0.91,186.94,605.38,0.99,395.03,741.97,0.88,129.19,647.53,0.99,324.72,811.56,1.0,257.68,787.17,1.0,314.97,958.15,0.99,290.01,926.19,1.0,245.14,1053.26,0.96,251.09,1028.07,0.98
37,372.47,561.11,0.98,383.14,551.02,0.88,356.87,546.48,0.97,0.0,0.0,0.48,325.6,543.76,0.93,399.94,638.44,0.99,284.85,583.85,1.0,410.55,721.57,0.92,182.09,597.2,0.99,403.64,693.06,0.9,129.82,625.66,0.98,317.32,804.7,1.0,254.05,778.96,1.0,313.23,935.31,0.99,309.9,899.87,1.0,234.33,1038.06,0.97,272.18,1011.06,0.98
38,364.33,555.42,0.98,375.05,545.81,0.9,349.1,540.89,0.97,388.4,548.49,0.53,318.04,537.47,0.92,394.82,630.96,0.99,279.92,578.27,1.0,409.95,714.68,0.94,183.06,607.34,0.99,404.91,679.19,0.91,138.63,659.12,0.98,321.52,793.68,1.0,259.5,767.85,1.0,300.98,916.51,0.99,304.79,878.12,1.0,228.82,1039.5,0.98,279.63,1007.73,0.99
39,351.35,552.18,0.98,367.3,543.03,0.87,340.05,538.87,0.96,0.0,0.0,0.47,310.32,531.24,0.89,379.99,598.26,0.98,265.96,592.68,1.0,410.93,658.17,0.91,198.52,658.39,0.99,392.8,714.04,0.9,161.35,727.64,0.99,326.17,769.51,1.0,264.36,768.4,1.0,291.25,892.21,0.99,303.52,914.43,1.0,207.29,992.19,0.98,307.06,1049.9,0.99
40,345.75,552.84,0.98,360.55,541.97,0.92,332.17,538.37,0.97,377.53,541.44,0.59,299.97,531.36,0.88,383.89,612.03,0.99,258.29,594.14,1.0,402.76,709.49,0.94,203.94,678.65,0.99,393.3,797.38,0.92,196.38,784.78,0.97,338.45,786.76,0.99,264.69,779.58,1.0,314.34,935.24,0.98,287.36,925.88,0.99,280.2,1074.81,0.93,303.74,1070.06,0.95
41,354.75,587.09,0.98,367.81,577.22,0.91,343.08,574.89,0.97,382.29,579.12,0.6,315.84,571.82,0.88,392.7,646.3,0.99,279.22,637.88,1.0,416.31,738.87,0.94,243.37,728.47,0.99,410.02,819.33,0.92,262.07,815.36,0.97,358.62,814.35,0.99,289.96,811.59,1.0,335.31,949.62,0.99,297.13,949.8,0.99,307.6,1074.92,0.95,309.42,1081.72,0.97
42,361.86,609.48,0.98,373.69,599.34,0.92,349.5,599.48,0.97,387.03,602.5,0.63,323.92,601.77,0.9,399.61,664.42,0.99,294.39,668.77,1.0,431.57,750.44,0.94,271.09,758.18,0.99,422.26,822.3,0.91,311.77,810.86,0.98,370.02,820.26,1.0,304.03,824.03,1.0,356.12,949.89,0.99,312.14,968.85,0.99,315.96,1052.22,0.96,307.46,1084.97,0.97
43,375.21,625.91,0.98,384.04,614.17,0.91,361.6,614.92,0.97,0.0,0.0,0.48,334.97,619.39,0.91,405.72,675.24,0.99,302.74,682.45,1.0,437.63,743.03,0.95,295.65,761.45,0.99,438.98,768.22,0.93,347.44,772.55,0.97,383.01,835.86,1.0,315.93,841.3,1.0,378.02,954.78,0.98,330.0,961.76,0.99,328.83,1055.38,0.92,304.82,1066.63,0.95
44,390.71,635.78,0.97,397.53,624.38,0.87,377.58,625.62,0.97,0.0,0.0,0.37,349.91,630.74,0.92,414.63,683.71,0.99,319.85,688.94,1.0,441.43,746.88,0.92,315.7,755.38,0.99,437.58,746.9,0.9,366.4,726.09,0.97,395.93,834.28,0.99,330.61,838.74,1.0,400.79,934.23,0.98,323.92,940.31,0.99,371.73,1018.86,0.93,293.44,1029.54,0.96
45,405.93,640.1,0.97,411.41,629.92,0.84,394.42,630.36,0.98,0.0,0.0,0.25,367.95,634.13,0.95,418.55,689.07,0.99,338.47,687.8,1.0,431.79,758.59,0.89,326.51,760.13,1.0,440.74,734.27,0.87,384.99,723.02,0.99,397.96,832.96,0.99,339.58,833.71,1.0,405.25,930.03,0.98,310.15,931.98,0.99,394.81,1022.32,0.95,270.25,1028.05,0.98
46,416.5,647.56,0.97,423.71,637.49,0.86,404.99,637.37,0.97,0.0,0.0,0.45,380.58,640.58,0.9,431.3,694.84,0.98,349.24,694.64,1.0,431.48,758.41,0.89,342.17,766.33,0.99,444.26,747.56,0.86,398.15,749.91,0.98,400.14,829.57,0.99,338.88,829.1,1.0,421.49,931.03,0.97,319.15,924.88,0.99,406.43,1028.43,0.94,278.93,1021.08,0.96
47,430.72,659.3,0.98,436.8,650.58,0.86,420.45,648.93,0.98,0.0,0.0,0.28,393.02,649.4,0.96,431.09,706.23,0.99,355.98,697.05,1.0,430.11,777.53,0.9,332.77,768.07,1.0,431.94,815.89,0.88,388.78,812.25,0.99,401.68,841.03,0.99,345.84,838.37,1.0,422.07,937.4,0.97,329.93,935.81,0.99,403.8,1021.88,0.91,288.97,1023.51,0.96
48,438.49,671.52,0.97,446.05,663.18,0.87,429.12,660.13,0.98,0.0,0.0,0.32,401.98,657.63,0.94,440.82,715.53,0.98,363.99,703.96,1.0,434.3,792.53,0.86,333.72,783.03,0.99,436.79,843.9,0.85,353.67,861.08,0.98,403.66,838.38,0.99,350.2,834.48,1.0,417.51,942.12,0.96,349.86,939.42,0.98,406.25,1049.54,0.89,327.89,1049.19,0.95
49,450.41,681.08,0.98,454.86,673.06,0.87,440.84,670.25,0.98,0.0,0.0,0.32,408.55,669.23,0.95,442.52,729.06,0.99,367.54,719.32,1.0,440.73,800.44,0.92,325.42,795.59,0.99,444.56,851.9,0.9,309.81,877.33,0.98,403.86,861.16,0.99,356.02,858.57,1.0,410.18,972.37,0.97,378.61,972.61,0.99,384.73,1073.01,0.9,361.0,1077.37,0.94
50,454.6,686.29,0.97,460.79,678.25,0.83,443.88,676.67,0.97,0.0,0.0,0.42,414.03,679.01,0.93,450.1,740.48,0.98,379.81,728.45,1.0,450.76,799.43,0.88,317.22,777.0,0.99,459.2,839.21,0.84,281.4,838.29,0.98,401.62,874.9,0.99,361.41,869.54,1.0,405.34,993.22,0.97,389.17,985.48,0.99,358.87,1084.44,0.91,362.34,1079.76,0.95
51,452.26,691.91,0.97,458.56,685.27,0.83,441.69,681.97,0.96,0.0,0.0,0.44,414.39,683.98,0.92,454.35,754.06,0.98,382.31,724.52,1.0,461.35,813.81,0.89,312.94,756.43,0.99,471.05,798.88,0.86,277.7,796.56,0.98,396.05,882.74,0.99,356.53,868.92,1.0,390.69,995.67,0.98,386.8,979.43,0.99,338.1,1080.07,0.92,351.34,1071.39,0.96
52,444.81,688.3,0.97,451.39,681.82,0.85,433.39,678.72,0.96,0.0,0.0,0.49,408.38,682.13,0.9,457.93,750.58,0.99,379.07,722.02,1.0,472.9,797.8,0.91,302.13,744.4,0.99,486.47,774.47,0.88,264.21,786.55,0.97,401.85,875.84,0.99,359.58,862.13,1.0,393.45,977.19,0.98,391.49,960.51,0.99,333.21,1059.51,0.94,352.91,1049.67,0.96
53,443.78,687.37,0.96,449.33,680.9,0.84,432.6,678.08,0.95,0.0,0.0,0.49,407.7,680.29,0.89,455.7,743.34,0.99,380.56,717.13,1.0,468.64,793.02,0.92,310.56,744.1,0.99,483.15,773.73,0.88,275.14,781.19,0.97,406.68,865.0,0.99,367.06,851.9,1.0,397.21,961.33,0.98,401.86,940.38,0.99,339.83,1045.54,0.94,371.4,1025.57,0.96
54,437.55,686.74,0.97,445.79,679.43,0.87,425.99,677.88,0.96,453.8,683.03,0.54,402.64,679.63,0.91,455.56,740.78,0.98,378.92,722.36,1.0,465.84,794.13,0.9,314.96,759.96,0.99,462.47,789.55,0.86,288.06,813.64,0.97,412.88,861.26,0.99,373.08,853.55,1.0,393.93,952.92,0.98,406.58,948.28,0.99,339.11,1033.09,0.95,393.29,1039.14,0.97
55,445.75,690.41,0.97,450.42,682.0,0.9,434.12,680.99,0.97,0.0,0.0,0.48,407.15,684.03,0.91,455.34,739.5,0.99,384.69,732.78,1.0,467.67,802.13,0.94,343.65,793.32,0.99,471.12,846.65,0.92,315.2,857.14,0.98,425.83,865.03,1.0,385.28,861.92,1.0,415.88,958.87,0.98,409.07,957.02,0.99,372.89,1040.76,0.93,390.18,1041.28,0.95
56,435.91,697.08,0.97,443.7,687.8,0.87,425.03,688.11,0.97,0.0,0.0,0.5,397.29,688.97,0.92,454.43,747.72,0.98,370.35,742.29,1.0,473.71,819.68,0.88,342.24,807.93,0.99,470.49,886.92,0.84,345.29,878.56,0.97,431.21,873.75,0.99,382.11,872.13,0.99,415.08,979.02,0.97,400.4,974.14,0.99,404.21,1089.57,0.92,425.42,1083.46,0.95
57,428.79,702.22,0.97,435.5,693.27,0.9,417.86,693.01,0.97,0.0,0.0,0.47,394.53,699.77,0.91,447.9,758.08,0.99,368.91,757.11,1.0,464.71,830.67,0.92,354.38,831.72,0.99,476.46,889.64,0.89,370.94,889.09,0.97,426.04,885.55,0.99,376.85,886.52,1.0,421.76,995.55,0.97,398.03,997.54,0.98,396.23,1098.14,0.9,394.14,1103.01,0.94
58,422.06,713.44,0.96,428.67,704.24,0.87,411.54,704.68,0.96,0.0,0.0,0.42,389.77,710.15,0.91,445.33,764.97,0.99,361.3,765.62,1.0,463.97,835.49,0.89,353.62,837.7,0.99,471.04,878.52,0.86,402.27,864.33,0.97,430.14,898.32,0.99,375.95,900.23,1.0,425.11,1002.73,0.97,380.91,1005.25,0.99,404.17,1095.18,0.92,376.47,1100.35,0.95
59,415.5,715.67,0.96,423.68,706.69,0.87,406.06,706.7,0.96,0.0,0.0,0.42,387.12,713.05,0.88,441.73,767.1,0.98,361.23,765.55,1.0,457.68,835.78,0.88,356.49,828.42,0.98,454.45,863.13,0.85,411.21,827.11,0.96,419.86,892.81,0.99,364.81,893.59,0.99,428.33,989.97,0.97,367.17,991.5,0.99,414.52,1078.89,0.92,355.62,1082.67,0.95
60,420.63,713.07,0.94,426.21,704.08,0.79,410.43,704.79,0.95,0.0,0.0,0.28,388.19,712.85,0.9,437.98,764.21,0.97,365.94,765.09,0.99,452.45,818.36,0.8,363.79,820.21,0.98,440.78,801.76,0.79,420.87,790.04,0.96,423.7,891.95,0.99,371.02,893.65,0.99,433.88,967.85,0.97,354.31,970.15,0.99,424.83,1058.03,0.95,329.3,1063.26,0.97
61,424.79,718.82,0.97,431.34,709.88,0.85,413.93,710.63,0.97,0.0,0.0,0.36,392.25,718.99,0.93,438.17,769.48,0.99,375.16,769.82,1.0,439.27,833.07,0.85,369.11,832.46,0.99,435.46,825.35,0.83,413.1,813.67,0.97,419.94,890.37,0.99,371.47,891.3,1.0,439.96,966.35,0.97,351.13,967.89,0.99,432.29,1058.6,0.93,310.38,1062.8,0.97
62,431.15,721.51,0.96,436.52,712.05,0.8,419.72,712.37,0.97,0.0,0.0,0.25,394.2,717.89,0.95,432.09,770.73,0.99,372.38,767.83,1.0,427.27,839.46,0.86,360.6,835.61,1.0,432.88,855.36,0.84,409.85,843.77,0.99,416.38,897.61,0.99,369.61,897.78,1.0,442.45,981.21,0.98,352.02,982.11,0.99,432.47,1048.6,0.93,302.66,1052.49,0.97
63,431.37,728.84,0.96,436.27,721.44,0.79,423.06,720.65,0.97,0.0,0.0,0.25,401.23,724.39,0.95,435.48,779.18,0.98,375.28,773.08,1.0,428.79,846.65,0.74,353.99,837.67,0.99,429.44,889.53,0.71,386.76,886.74,0.97,421.74,905.11,0.98,378.33,903.92,0.99,431.04,997.36,0.94,365.27,996.42,0.98,431.58,1082.57,0.85,346.13,1083.55,0.94
64,431.45,739.88,0.97,436.75,732.12,0.85,422.86,731.11,0.97,0.0,0.0,0.33,400.2,733.71,0.94,433.66,788.08,0.99,372.23,782.7,1.0,429.87,857.54,0.88,339.81,851.59,0.99,438.88,912.62,0.85,345.52,920.48,0.98,414.14,910.91,0.99,374.07,910.34,1.0,419.08,1004.95,0.97,383.85,1005.33,0.99,410.48,1092.93,0.91,374.16,1095.75,0.96
65,427.39,742.61,0.97,431.96,734.66,0.87,417.93,734.04,0.98,0.0,0.0,0.34,392.95,738.04,0.94,427.48,790.75,0.99,366.25,788.24,1.0,426.95,851.84,0.88,323.81,853.6,0.99,434.76,896.57,0.85,302.48,922.29,0.98,402.84,914.17,0.99,365.25,914.38,1.0,404.08,1011.19,0.97,385.2,1013.09,0.99,378.63,1101.32,0.91,368.89,1106.7,0.95
66,419.96,743.63,0.97,424.99,736.08,0.82,408.34,735.09,0.96,0.0,0.0,0.44,384.79,740.97,0.92,428.1,801.92,0.98,362.05,789.81,1.0,433.07,853.08,0.88,308.84,835.7,0.99,443.59,862.2,0.84,276.73,888.93,0.98,391.36,921.92,0.99,354.21,915.34,1.0,398.47,1019.73,0.98,389.19,1006.72,0.99,344.32,1095.03,0.94,352.71,1086.28,0.97
67,410.1,744.48,0.97,417.78,736.64,0.88,399.92,734.72,0.97,0.0,0.0,0.38,378.22,738.35,0.91,423.75,792.9,0.98,353.02,784.09,1.0,437.54,841.68,0.82,297.67,826.61,0.99,437.29,874.08,0.8,256.61,876.8,0.97,379.24,908.95,0.99,338.44,904.39,1.0,385.76,988.38,0.96,371.63,984.74,0.99,326.87,1075.6,0.91,334.87,1073.78,0.95
68,400.38,737.12,0.96,405.18,729.87,0.86,388.16,728.63,0.93,414.03,732.82,0.59,368.82,732.78,0.85,431.48,787.67,0.99,349.69,775.24,1.0,464.47,827.66,0.94,289.52,804.4,0.98,492.78,865.38,0.91,260.99,850.75,0.97,391.36,906.19,0.99,348.64,897.61,1.0,389.16,992.43,0.98,387.75,972.96,0.99,311.99,1068.87,0.94,345.13,1042.98,0.96
69,391.06,732.59,0.96,396.84,725.73,0.82,379.82,725.75,0.95,0.0,0.0,0.47,358.52,730.79,0.9,408.99,783.55,0.98,338.82,774.8,1.0,420.91,838.38,0.87,289.96,813.09,0.99,423.43,882.64,0.82,267.91,860.06,0.97,378.41,895.34,0.99,342.13,891.64,1.0,368.17,980.7,0.98,380.57,979.48,0.99,303.72,1055.16,0.94,358.3,1062.66,0.97
70,381.2,729.65,0.97,389.87,722.9,0.84,371.31,722.71,0.96,0.0,0.0,0.5,351.72,726.23,0.9,402.08,780.34,0.98,331.82,778.83,1.0,425.38,834.36,0.88,291.87,832.52,0.99,425.89,861.39,0.83,278.26,880.9,0.97,377.73,896.08,0.99,342.54,898.16,1.0,358.52,974.98,0.98,379.06,993.32,0.99,302.05,1038.35,0.94,377.79,1079.05,0.97
71,371.57,732.51,0.97,378.4,724.64,0.89,362.5,724.15,0.96,385.98,731.73,0.52,343.39,729.67,0.88,391.32,783.19,0.99,321.87,781.61,1.0,402.37,849.43,0.93,298.3,850.17,0.99,408.23,895.94,0.9,299.74,910.37,0.97,377.83,902.59,0.99,335.95,903.19,1.0,374.95,1000.81,0.98,358.67,1001.34,0.99,372.2,1096.54,0.94,376.2,1098.0,0.96
72,367.68,731.94,0.97,371.26,723.43,0.85,357.35,724.26,0.97,0.0,0.0,0.36,333.97,732.12,0.93,381.82,786.21,0.99,312.02,788.09,1.0,395.89,856.3,0.88,298.52,860.04,0.99,403.86,914.27,0.85,316.35,915.37,0.97,376.15,909.98,0.99,332.82,912.99,1.0,376.93,1009.17,0.97,354.21,1012.89,0.99,364.51,1106.2,0.91,361.24,1113.19,0.95
73,359.07,737.85,0.97,363.41,728.62,0.87,347.52,729.94,0.97,0.0,0.0,0.42,322.92,738.96,0.93,377.03,793.18,0.99,300.5,796.18,1.0,392.63,866.78,0.91,299.66,867.44,0.99,397.67,925.41,0.89,343.61,900.75,0.97,370.59,922.2,0.99,320.54,926.16,1.0,377.67,1020.92,0.96,340.87,1025.98,0.98,355.65,1112.8,0.87,337.0,1121.6,0.92
74,347.0,737.87,0.97,351.7,728.0,0.88,335.05,730.35,0.96,0.0,0.0,0.46,313.2,739.69,0.91,365.82,788.96,0.99,295.82,796.48,1.0,383.45,856.23,0.93,297.58,862.14,0.98,395.08,898.08,0.9,346.46,865.28,0.97,355.37,920.58,0.99,308.24,926.86,1.0,376.22,1011.72,0.96,338.81,1019.81,0.98,335.04,1098.27,0.87,305.7,1110.43,0.92
75,340.53,730.26,0.96,346.36,720.17,0.86,328.69,722.7,0.95,0.0,0.0,0.41,307.86,735.32,0.86,364.5,787.63,0.98,296.8,794.92,0.99,379.77,849.49,0.83,290.58,852.93,0.96,372.48,847.04,0.8,333.77,817.96,0.93,351.51,923.55,0.98,303.51,928.76,0.99,377.89,980.03,0.95,315.5,986.53,0.97,351.72,1080.34,0.9,279.56,1090.05,0.94
76,339.68,725.64,0.97,343.11,716.12,0.8,326.92,718.52,0.98,0.0,0.0,0.22,301.99,729.98,0.96,350.76,776.6,0.98,290.85,782.93,1.0,364.94,829.89,0.8,285.68,844.04,0.99,364.14,793.0,0.79,334.39,804.14,0.98,340.98,907.75,0.99,294.77,911.25,1.0,372.41,983.88,0.97,285.77,987.63,0.99,360.33,1079.03,0.94,240.15,1086.64,0.98
77,334.56,718.99,0.96,338.09,709.05,0.79,322.65,711.41,0.97,0.0,0.0,0.23,298.01,721.77,0.96,341.6,772.97,0.99,281.21,778.26,1.0,341.56,841.62,0.83,270.42,852.44,0.99,342.24,838.23,0.81,325.65,844.66,0.98,333.92,907.95,0.99,285.13,911.93,1.0,370.08,997.89,0.97,268.41,1002.5,0.99,368.94,1077.53,0.93,221.72,1085.88,0.97
78,333.45,715.34,0.98,336.44,705.88,0.83,321.04,707.55,0.98,0.0,0.0,0.21,293.77,717.25,0.97,338.35,769.08,0.99,275.31,774.65,1.0,356.7,827.76,0.81,267.34,847.48,0.99,369.73,854.73,0.79,323.64,882.05,0.98,332.14,913.94,0.99,282.09,917.89,1.0,363.95,1012.76,0.92,265.12,1017.2,0.98,360.16,1091.11,0.76,220.25,1100.51,0.9
79,327.19,719.82,0.97,333.61,709.57,0.87,314.69,710.28,0.97,338.07,714.71,0.51,288.4,716.99,0.92,344.08,777.64,0.98,263.77,777.23,1.0,332.7,853.12,0.86,250.89,858.17,0.98,346.53,922.7,0.8,267.88,924.72,0.96,325.52,917.2,0.98,268.9,913.74,0.99,335.96,1033.48,0.93,255.95,1004.37,0.97,342.48,1134.7,0.82,249.83,1085.47,0.89
80,326.26,725.92,0.97,331.86,716.84,0.82,313.72,717.92,0.96,0.0,0.0,0.44,285.34,727.96,0.93,329.25,790.11,0.98,259.58,791.35,1.0,327.71,860.4,0.88,227.67,866.49,0.99,344.86,915.51,0.84,220.4,944.23,0.97,308.73,936.86,0.99,265.26,937.98,1.0,325.5,1053.83,0.97,295.6,1045.88,0.99,312.54,1155.66,0.92,292.54,1144.62,0.96
81,312.22,734.88,0.98,319.83,726.71,0.91,300.36,724.41,0.98,0.0,0.0,0.44,272.6,731.71,0.94,320.79,798.85,0.99,247.32,791.89,1.0,333.3,858.18,0.92,203.35,857.9,0.99,341.26,883.4,0.91,179.02,919.18,0.98,293.08,943.64,0.99,249.03,941.35,1.0,299.59,1052.16,0.98,290.54,1050.77,0.99,259.37,1148.63,0.92,267.14,1148.51,0.95
82,306.96,735.56,0.96,310.9,727.76,0.79,293.08,726.88,0.95,0.0,0.0,0.4,265.75,736.41,0.91,319.83,808.19,0.99,241.87,786.35,1.0,332.49,872.48,0.91,181.32,839.44,0.99,345.56,848.6,0.88,152.8,899.76,0.98,280.57,936.77,0.99,237.78,925.43,1.0,270.03,1049.16,0.99,272.19,1029.95,1.0,214.58,1146.75,0.96,235.03,1131.03,0.98
83,294.72,729.01,0.96,298.21,721.54,0.82,280.27,721.4,0.94,0.0,0.0,0.49,258.98,732.85,0.89,324.24,800.7,0.99,236.18,781.49,1.0,333.14,867.06,0.91,167.2,830.17,0.99,326.7,860.12,0.87,144.69,889.41,0.97,278.92,934.29,0.99,231.34,923.06,1.0,271.72,1033.01,0.98,274.69,1012.68,0.99,197.71,1113.34,0.94,227.92,1092.44,0.96
84,284.86,721.74,0.96,288.21,712.54,0.79,269.81,715.72,0.95,0.0,0.0,0.42,246.32,727.48,0.89,306.87,785.07,0.98,229.16,778.71,1.0,322.83,842.56,0.9,171.12,821.83,0.99,322.01,870.57,0.87,142.07,882.39,0.98,270.86,918.69,0.99,234.3,915.05,1.0,248.16,1018.59,0.99,289.24,1015.73,0.99,176.5,1108.33,0.96,262.96,1110.42,0.98
85,270.69,716.95,0.97,278.08,710.34,0.82,257.36,711.67,0.96,0.0,0.0,0.44,232.58,722.09,0.92,294.09,785.33,0.99,213.23,782.58,1.0,319.43,851.09,0.9,164.9,843.35,0.99,302.76,869.68,0.84,147.97,901.46,0.98,270.89,920.42,1.0,233.99,922.55,1.0,226.87,1013.41,0.99,280.71,1038.52,1.0,149.1,1084.94,0.97,282.4,1137.03,0.99
86,262.18,720.67,0.98,270.83,711.94,0.87,251.45,714.27,0.96,276.02,720.07,0.55,226.68,723.25,0.92,280.55,783.04,0.99,198.47,787.98,1.0,306.73,842.22,0.92,168.78,856.3,0.99,304.49,869.04,0.88,166.67,932.04,0.97,267.94,926.66,0.99,221.16,932.89,1.0,252.68,1037.31,0.98,251.53,1050.32,0.99,277.23,1137.54,0.94,309.76,1159.75,0.96
87,254.73,722.45,0.98,262.65,711.81,0.89,241.32,715.94,0.97,269.17,719.37,0.55,214.76,727.38,0.92,276.96,787.75,0.99,192.17,794.85,1.0,293.86,863.99,0.9,168.28,869.66,0.99,296.23,925.66,0.86,179.53,933.34,0.97,267.56,937.1,0.99,217.39,943.49,0.99,252.5,1051.37,0.97,243.9,1060.21,0.98,269.28,1168.97,0.9,290.87,1177.96,0.94
88,250.0,728.91,0.98,257.11,718.49,0.88,235.87,721.39,0.97,262.6,726.95,0.51,207.94,733.77,0.93,274.55,796.27,0.98,184.17,805.85,1.0,295.3,876.46,0.88,171.39,889.84,0.99,300.95,943.77,0.86,216.67,934.03,0.98,265.72,945.27,0.99,209.85,952.0,1.0,262.46,1065.17,0.98,238.83,1074.63,0.99,246.32,1176.84,0.93,248.99,1186.58,0.96
89,243.39,734.22,0.98,251.89,724.5,0.88,229.96,726.98,0.97,259.54,733.52,0.51,205.43,739.8,0.93,270.53,798.57,0.98,182.27,814.22,1.0,286.26,884.25,0.86,177.5,902.87,0.99,286.88,956.97,0.84,240.14,914.41,0.98,257.25,941.83,0.99,199.93,952.75,1.0,271.26,1053.83,0.98,228.25,1080.72,0.99,225.86,1150.16,0.94,207.95,1190.18,0.97
90,241.43,730.3,0.98,251.65,721.4,0.87,228.45,722.45,0.97,0.0,0.0,0.46,202.46,734.62,0.93,260.75,792.92,0.97,184.4,808.15,1.0,274.98,870.46,0.85,187.09,887.4,0.99,266.28,885.87,0.82,242.37,848.16,0.98,249.78,934.98,0.99,194.21,948.19,1.0,276.35,1028.96,0.99,208.79,1076.66,1.0,216.38,1099.51,0.97,160.95,1179.89,0.99
91,240.38,721.06,0.97,249.33,711.21,0.84,227.73,712.99,0.97,0.0,0.0,0.4,202.58,726.02,0.93,251.97,782.87,0.97,185.76,795.47,1.0,258.53,851.84,0.84,193.91,871.41,0.99,264.69,821.59,0.81,243.93,820.78,0.98,246.96,929.97,0.99,191.03,941.47,1.0,289.04,1015.86,0.99,180.22,1055.33,1.0,265.32,1103.36,0.98,125.21,1173.13,0.99
92,244.66,718.58,0.98,248.07,706.19,0.84,230.2,709.8,0.97,0.0,0.0,0.36,200.48,723.55,0.94,248.75,777.14,0.98,181.04,789.64,1.0,244.25,850.37,0.87,186.0,868.98,0.99,254.96,816.19,0.84,236.18,813.05,0.98,246.27,929.93,0.99,187.02,937.49,1.0,294.9,1027.62,0.99,167.79,1038.19,1.0,292.39,1132.26,0.96,106.68,1145.41,0.98
93,248.85,709.95,0.98,250.07,695.5,0.85,233.33,699.99,0.97,0.0,0.0,0.41,204.53,713.37,0.94,253.12,775.1,0.98,180.57,779.83,1.0,225.75,860.12,0.9,165.02,869.34,0.99,235.18,856.21,0.83,228.75,865.68,0.98,245.65,935.73,0.99,182.24,938.13,1.0,304.7,1055.23,0.98,160.06,1046.97,0.99,305.62,1145.72,0.94,76.26,1124.17,0.97
94,254.61,709.12,0.97,253.74,693.64,0.83,237.44,699.71,0.98,0.0,0.0,0.37,205.14,714.0,0.95,256.99,774.62,0.98,179.5,780.25,1.0,229.99,860.23,0.85,160.93,863.72,0.99,259.17,911.0,0.8,216.47,911.7,0.98,247.09,948.33,0.99,186.21,947.72,1.0,281.7,1079.67,0.98,167.19,1048.19,0.99,298.49,1179.79,0.94,113.98,1116.46,0.97
95,257.8,712.27,0.97,262.61,700.11,0.81,243.71,702.62,0.97,0.0,0.0,0.38,208.88,713.9,0.93,260.47,781.63,0.98,180.13,781.5,1.0,248.49,868.83,0.85,158.16,869.86,0.99,264.61,935.53,0.79,176.03,953.88,0.97,246.38,947.16,0.99,187.67,945.66,1.0,259.68,1086.49,0.97,177.54,1065.14,0.99,280.6,1211.5,0.92,171.74,1173.24,0.96
96,261.15,718.04,0.97,266.68,706.3,0.78,246.03,708.18,0.96,0.0,0.0,0.36,214.52,718.78,0.94,259.62,793.63,0.98,186.13,789.41,1.0,259.32,884.84,0.88,139.02,876.32,0.99,285.8,937.84,0.86,132.11,968.32,0.99,233.0,968.95,0.99,189.13,969.72,1.0,256.33,1110.75,0.99,246.37,1109.2,1.0,229.12,1230.98,0.95,229.51,1234.45,0.98
97,257.95,722.19,0.98,263.71,710.93,0.84,239.96,712.13,0.97,0.0,0.0,0.41,210.27,726.28,0.94,260.33,811.08,0.98,189.96,793.88,1.0,262.27,895.39,0.88,119.26,865.4,0.99,298.88,904.13,0.86,90.61,947.13,0.98,216.87,979.05,0.99,178.68,972.71,1.0,228.25,1105.09,0.98,239.37,1099.44,0.99,158.99,1214.87,0.94,182.03,1219.15,0.97
98,258.61,717.77,0.98,259.48,706.54,0.83,236.34,707.79,0.97,0.0,0.0,0.33,199.99,725.53,0.94,272.21,814.43,0.99,180.88,787.05,1.0,276.61,896.52,0.91,98.84,850.0,1.0,302.58,871.45,0.89,71.59,923.31,0.99,229.93,977.65,1.0,179.74,963.28,1.0,233.26,1094.76,0.99,240.32,1069.28,1.0,124.05,1210.73,0.98,143.68,1185.0,0.99
99,257.32,708.08,0.98,257.74,696.4,0.85,234.87,696.65,0.97,0.0,0.0,0.39,199.11,710.45,0.94,274.92,804.73,0.99,177.81,767.67,1.0,285.76,888.27,0.93,98.33,832.87,0.99,300.05,828.79,0.89,68.46,898.48,0.98,222.96,967.01,1.0,177.58,944.97,1.0,205.36,1088.15,0.99,263.73,1034.48,1.0,100.22,1208.5,0.98,209.18,1138.3,0.99
100,253.98,698.88,0.98,259.96,689.17,0.83,234.69,688.71,0.97,0.0,0.0,0.38,201.19,700.13,0.94,276.61,791.79,0.99,175.22,763.87,1.0,307.3,872.6,0.91,99.55,838.04,1.0,298.88,819.65,0.87,75.24,916.57,0.99,233.41,955.93,1.0,190.91,943.47,1.0,192.23,1068.59,0.99,284.67,1056.34,1.0,81.99,1181.4,0.97,271.41,1183.8,0.98
101,257.22,691.92,0.97,267.21,682.63,0.8,240.04,681.03,0.96,0.0,0.0,0.33,201.24,690.02,0.9,276.56,771.21,0.98,169.83,770.84,1.0,323.38,845.31,0.88,109.76,861.43,0.99,290.92,862.58,0.86,98.7,935.34,0.98,255.37,946.36,0.99,210.24,950.86,1.0,201.14,1056.6,0.98,299.63,1089.1,0.99,84.39,1134.65,0.93,312.42,1197.88,0.97
102,257.04,687.87,0.97,269.32,678.47,0.79,241.5,680.66,0.97,0.0,0.0,0.38,209.63,691.53,0.95,270.09,772.67,0.99,180.74,776.55,1.0,307.09,865.11,0.91,123.32,872.95,1.0,320.27,904.4,0.87,124.5,949.34,0.99,246.16,954.63,1.0,209.18,966.52,1.0,198.78,1065.65,1.0,293.38,1121.2,1.0,119.6,1123.16,0.99,332.49,1222.76,1.0
103,267.03,691.28,0.98,274.7,677.89,0.84,251.39,683.08,0.97,0.0,0.0,0.36,212.13,698.98,0.93,268.17,772.63,0.98,170.32,785.48,1.0,305.81,870.6,0.87,138.6,883.6,0.99,320.06,948.65,0.87,175.33,962.5,0.98,247.97,950.26,0.99,192.84,965.7,0.99,258.88,1080.91,0.97,266.24,1117.62,0.99,278.08,1212.36,0.92,315.51,1260.67,0.96
104,274.74,697.45,0.98,279.88,684.51,0.83,258.09,688.72,0.97,0.0,0.0,0.39,221.01,705.44,0.95,288.56,781.08,0.99,190.68,797.59,1.0,305.03,886.66,0.89,170.6,913.04,0.99,307.7,962.97,0.86,220.34,965.62,0.98,286.15,974.06,0.99,226.91,986.11,1.0,294.93,1119.68,0.99,276.95,1136.41,1.0,275.35,1275.33,0.96,288.71,1289.6,0.98
105,282.22,708.85,0.96,289.7,696.38,0.73,265.36,699.93,0.96,0.0,0.0,0.28,228.46,716.53,0.93,294.41,785.13,0.97,201.18,813.62,1.0,311.24,873.51,0.81,206.41,933.27,0.99,309.3,910.89,0.79,291.41,933.96,0.98,288.24,982.53,0.99,226.07,1002.91,1.0,319.02,1104.28,0.99,270.94,1156.36,1.0,253.51,1218.03,0.98,236.99,1294.08,0.99
106,292.34,708.51,0.95,301.26,696.9,0.71,274.2,698.73,0.95,0.0,0.0,0.24,239.53,717.03,0.9,304.67,788.62,0.95,220.97,806.61,0.99,312.7,882.6,0.74,224.52,917.28,0.99,302.84,880.64,0.71,297.85,874.91,0.97,288.33,979.77,0.99,223.33,996.02,1.0,351.86,1084.42,0.99,260.02,1142.56,1.0,255.8,1170.25,0.98,165.3,1265.1,0.99
107,300.79,697.66,0.94,307.86,685.45,0.65,284.63,689.21,0.95,0.0,0.0,0.19,250.42,709.39,0.91,301.23,777.32,0.95,231.52,794.33,1.0,301.66,865.19,0.77,245.29,891.16,0.99,304.77,828.76,0.71,311.66,834.77,0.98,297.57,967.95,1.0,232.88,984.73,1.0,364.48,1071.09,1.0,214.28,1134.61,1.0,325.38,1179.46,0.99,113.83,1286.74,1.0
108,316.98,691.29,0.96,319.46,674.79,0.72,296.89,681.04,0.97,0.0,0.0,0.21,259.67,704.58,0.94,312.71,773.08,0.95,238.64,789.72,1.0,293.79,874.39,0.77,253.75,880.8,0.99,306.66,840.81,0.74,324.48,817.69,0.98,307.6,975.77,0.99,233.57,988.53,1.0,394.24,1078.15,0.99,208.45,1107.98,1.0,383.63,1208.01,0.98,91.31,1253.41,0.99
109,335.65,688.01,0.97,333.55,668.69,0.78,314.48,674.96,0.98,0.0,0.0,0.24,271.95,693.86,0.96,313.43,766.29,0.96,251.1,777.4,1.0,278.12,874.87,0.8,257.77,878.55,0.99,327.84,864.28,0.75,339.06,860.65,0.98,322.07,981.96,0.99,252.76,989.29,1.0,419.79,1114.5,0.97,212.99,1110.54,0.99,441.46,1226.09,0.91,82.22,1207.11,0.96
110,360.47,685.74,0.97,349.29,661.36,0.68,337.32,673.36,0.98,0.0,0.0,0.22,289.19,695.58,0.98,310.52,762.87,0.98,269.21,779.74,1.0,252.47,887.4,0.88,253.93,895.71,1.0,334.41,912.18,0.79,340.12,923.5,0.98,315.29,995.96,1.0,266.07,999.99,1.0,402.22,1155.04,0.99,228.28,1119.35,1.0,439.89,1256.81,0.96,96.99,1170.91,0.98
111,379.63,691.78,0.95,364.81,666.2,0.57,356.1,678.93,0.96,0.0,0.0,0.16,309.04,699.64,0.97,337.1,770.44,0.98,283.12,782.69,1.0,281.08,889.84,0.83,254.71,890.24,0.99,351.61,978.16,0.73,307.35,982.85,0.98,324.94,1015.26,1.0,276.05,1011.62,1.0,382.73,1174.26,0.99,249.02,1106.23,1.0,416.77,1296.43,0.97,141.78,1156.01,0.98
112,384.68,692.48,0.96,390.01,677.37,0.7,367.11,681.03,0.96,0.0,0.0,0.28,327.76,699.8,0.94,374.64,789.07,0.97,284.08,790.89,1.0,353.55,903.32,0.87,243.28,915.08,0.99,392.88,988.21,0.85,248.98,1033.27,0.99,336.04,1011.83,0.99,275.86,1010.93,1.0,360.83,1195.21,0.98,309.73,1164.51,0.99,381.48,1333.55,0.94,314.94,1280.17,0.97
113,401.29,704.53,0.97,403.32,687.69,0.66,379.59,692.61,0.96,0.0,0.0,0.23,333.76,714.26,0.95,374.92,813.99,0.98,300.55,803.68,1.0,384.02,940.44,0.89,217.27,909.95,1.0,453.55,968.15,0.88,196.01,1021.49,0.99,318.82,1035.89,1.0,278.54,1035.24,1.0,353.71,1193.55,0.99,369.64,1199.07,1.0,297.76,1353.22,0.95,301.0,1367.65,0.98
114,402.65,704.15,0.97,406.67,691.26,0.79,380.23,689.54,0.94,0.0,0.0,0.34,340.84,709.94,0.89,397.38,818.01,0.99,311.14,794.03,1.0,411.89,920.43,0.93,210.87,890.78,0.99,465.51,911.7,0.92,167.69,984.57,0.98,341.36,1034.56,1.0,290.51,1025.53,1.0,365.7,1169.54,0.99,358.11,1167.93,0.99,243.56,1318.08,0.93,232.45,1326.33,0.95
115,414.6,692.39,0.95,415.32,679.86,0.72,389.31,679.2,0.91,0.0,0.0,0.3,346.33,700.88,0.89,416.58,812.6,0.99,313.98,776.82,1.0,440.81,900.71,0.94,207.56,854.75,0.99,491.56,851.8,0.91,166.73,961.93,0.97,359.24,1030.25,1.0,313.08,1012.15,1.0,323.85,1172.35,0.99,405.42,1136.95,0.99,201.83,1317.82,0.93,343.28,1270.48,0.95
116,414.99,687.56,0.98,417.19,676.13,0.8,389.97,675.44,0.97,0.0,0.0,0.26,348.8,699.86,0.93,422.87,819.79,0.99,317.69,772.25,1.0,455.68,911.58,0.92,198.4,844.88,1.0,484.07,826.53,0.91,175.77,944.4,0.99,358.35,1022.72,1.0,308.85,1002.67,1.0,350.04,1147.92,0.99,414.8,1129.68,1.0,204.81,1305.99,0.97,305.92,1300.25,0.98
117,422.11,678.54,0.94,0.0,0.0,0.49,399.72,669.67,0.94,0.0,0.0,0.14,354.51,686.46,0.95,409.47,790.11,0.99,321.92,769.28,1.0,452.45,895.95,0.89,228.91,873.82,1.0,494.86,856.85,0.83,205.37,969.8,0.99,366.66,1014.25,1.0,346.58,1012.19,1.0,279.01,1151.94,1.0,488.67,1176.62,1.0,121.15,1245.85,0.98,499.2,1301.07,0.99
118,424.72,673.07,0.95,437.64,661.3,0.57,406.47,663.82,0.94,0.0,0.0,0.25,367.3,679.08,0.93,422.62,776.38,0.99,328.14,785.57,1.0,455.02,887.07,0.92,237.2,917.02,1.0,489.94,925.27,0.87,261.81,1017.56,0.99,394.38,1008.46,1.0,366.22,1026.66,1.0,317.75,1138.6,1.0,480.96,1217.05,1.0,172.31,1213.69,0.99,504.92,1346.18,0.99
119,441.59,680.61,0.96,454.48,667.97,0.62,426.1,670.62,0.95,0.0,0.0,0.28,383.34,685.99,0.95,424.12,781.44,0.99,332.42,798.37,1.0,447.58,904.72,0.9,269.1,933.66,1.0,482.58,992.63,0.87,343.83,1023.27,0.99,395.53,1017.18,1.0,361.19,1040.16,1.0,353.46,1155.43,0.99,466.04,1236.48,1.0,248.65,1257.28,0.97,500.31,1385.0,0.99
120,455.05,689.07,0.94,457.82,671.55,0.58,436.45,677.5,0.95,0.0,0.0,0.18,390.51,700.04,0.94,440.27,791.54,0.95,343.75,814.02,1.0,436.48,926.08,0.73,321.68,958.3,0.99,451.25,1021.48,0.73,413.38,1020.06,0.98,424.58,1038.89,0.99,365.56,1054.95,1.0,450.98,1219.5,0.98,438.67,1240.73,1.0,428.4,1407.98,0.95,436.54,1424.9,0.98
121,466.53,695.93,0.92,0.0,0.0,0.5,447.94,683.28,0.94,0.0,0.0,0.14,399.65,704.63,0.94,443.5,797.08,0.94,367.44,822.65,1.0,445.6,936.83,0.72,385.46,978.48,0.99,480.56,970.7,0.71,497.77,968.17,0.98,428.41,1050.49,1.0,369.97,1071.78,1.0,486.15,1207.64,1.0,422.49,1271.2,1.0,389.26,1320.7,0.99,330.96,1421.06,1.0
122,477.98,692.63,0.93,0.0,0.0,0.5,457.61,678.88,0.95,0.0,0.0,0.1,406.36,701.1,0.93,443.96,792.56,0.94,392.65,813.18,1.0,466.3,919.46,0.74,418.92,948.6,1.0,499.62,916.57,0.74,520.69,889.39,0.99,434.08,1047.06,1.0,378.21,1067.17,1.0,525.51,1179.33,1.0,406.94,1256.66,1.0,401.06,1259.22,0.99,235.38,1381.32,1.0
123,493.86,676.29,0.96,495.1,660.43,0.63,472.67,666.05,0.97,0.0,0.0,0.12,423.18,693.82,0.94,466.74,774.47,0.96,408.19,795.19,1.0,477.47,896.6,0.82,445.1,923.05,1.0,502.2,843.86,0.77,521.66,841.04,0.98,458.28,1022.58,1.0,389.81,1040.34,1.0,560.31,1159.46,1.0,356.03,1225.57,1.0,520.85,1289.8,0.98,186.43,1392.04,0.99
124,510.98,670.92,0.97,507.74,649.83,0.63,489.0,657.76,0.98,0.0,0.0,0.12,436.29,681.63,0.96,462.38,759.45,0.97,423.31,781.07,1.0,450.96,894.37,0.84,460.46,915.86,1.0,510.9,842.85,0.77,544.39,844.33,0.98,469.94,1018.99,1.0,406.3,1035.6,1.0,601.31,1157.49,0.99,343.44,1201.28,1.0,614.08,1299.61,0.98,158.06,1358.16,0.99
125,532.7,662.12,0.95,523.75,636.6,0.53,510.73,647.19,0.97,0.0,0.0,0.17,452.74,674.46,0.97,434.42,745.82,0.98,443.23,780.14,1.0,362.4,888.38,0.88,459.07,924.47,0.99,426.39,910.69,0.78,568.67,895.08,0.98,457.05,1021.0,1.0,417.12,1039.35,1.0,612.73,1195.56,0.98,339.29,1217.0,0.99,646.24,1317.0,0.9,126.25,1321.67,0.95
126,555.26,658.31,0.94,0.0,0.0,0.5,533.69,641.59,0.96,0.0,0.0,0.2,476.59,666.86,0.97,465.17,751.6,0.97,457.46,767.51,1.0,397.08,909.49,0.83,447.41,917.44,0.99,511.09,962.02,0.7,551.6,974.3,0.97,470.7,1024.17,1.0,430.09,1031.21,1.0,611.17,1227.22,0.98,376.72,1211.62,0.99,640.94,1340.8,0.9,202.6,1294.44,0.95
127,580.72,669.84,0.94,0.0,0.0,0.42,552.02,654.59,0.96,0.0,0.0,0.14,494.23,681.3,0.98,490.64,756.3,0.98,482.33,781.35,1.0,405.63,915.17,0.79,456.15,921.56,0.99,496.8,1023.73,0.68,501.38,1043.89,0.97,478.25,1047.87,1.0,455.5,1049.15,1.0,568.58,1254.68,0.99,446.87,1188.86,1.0,615.39,1410.6,0.96,309.95,1264.73,0.98
128,581.28,673.31,0.94,0.0,0.0,0.48,565.92,659.44,0.95,0.0,0.0,0.23,518.31,678.9,0.96,516.33,784.25,0.98,485.48,792.19,1.0,506.68,925.9,0.86,427.72,921.63,1.0,573.74,1010.63,0.86,436.7,1059.95,0.99,490.29,1050.3,1.0,476.27,1060.2,1.0,527.35,1243.41,0.99,556.68,1272.9,1.0,496.23,1402.38,0.97,520.6,1455.92,0.99
129,604.26,678.68,0.93,597.78,660.88,0.52,580.46,662.61,0.9,0.0,0.0,0.2,532.68,686.95,0.93,539.07,801.09,0.99,506.23,791.03,1.0,542.31,927.87,0.94,417.5,921.25,0.99,646.98,971.62,0.92,380.6,1046.3,0.98,494.12,1071.14,1.0,481.16,1068.03,1.0,538.6,1238.5,0.99,582.04,1227.35,1.0,423.16,1409.46,0.95,447.89,1384.19,0.97
130,610.48,675.13,0.93,0.0,0.0,0.44,580.55,662.88,0.91,0.0,0.0,0.15,536.06,693.23,0.95,578.1,810.45,0.99,509.27,774.86,1.0,570.81,924.62,0.95,401.44,879.47,1.0,673.82,895.55,0.9,362.03,1000.15,0.99,498.7,1075.72,1.0,478.85,1050.76,1.0,491.67,1246.08,1.0,612.18,1163.75,1.0,337.5,1419.48,0.99,491.0,1289.66,1.0
131,621.18,669.92,0.96,608.28,656.13,0.53,591.82,658.55,0.95,0.0,0.0,0.15,542.85,685.07,0.96,588.06,810.42,1.0,518.93,757.18,1.0,605.62,920.34,0.96,400.81,842.13,1.0,688.71,839.61,0.9,360.4,960.23,0.99,519.03,1058.81,1.0,517.59,1027.67,1.0,455.83,1231.58,1.0,696.07,1146.85,1.0,271.95,1417.23,0.99,615.25,1289.0,1.0
132,628.69,662.69,0.95,0.0,0.0,0.44,604.89,653.63,0.94,0.0,0.0,0.11,559.77,676.55,0.96,598.99,797.82,0.99,531.1,760.38,1.0,637.37,906.2,0.92,423.61,860.6,1.0,684.5,822.09,0.86,391.06,971.51,0.99,544.99,1036.15,1.0,547.26,1023.8,1.0,462.46,1168.18,1.0,730.75,1169.73,1.0,261.85,1322.57,0.99,689.25,1347.45,1.0
133,649.11,653.08,0.93,0.0,0.0,0.38,627.09,645.99,0.93,0.0,0.0,0.14,578.32,667.63,0.96,597.18,764.82,0.99,552.43,766.25,1.0,625.24,878.29,0.91,454.61,894.37,1.0,698.55,867.47,0.83,449.22,1008.38,0.99,564.27,1025.51,1.0,579.28,1036.3,1.0,458.37,1164.28,1.0,740.47,1213.18,1.0,287.95,1273.75,0.99,764.66,1354.41,0.99
134,670.24,655.86,0.88,0.0,0.0,0.23,651.33,648.04,0.89,0.0,0.0,0.11,602.2,669.86,0.96,606.64,758.5,0.99,568.11,777.42,1.0,630.05,889.39,0.88,483.16,924.22,1.0,700.14,943.91,0.8,537.2,1017.1,0.99,587.43,1019.04,1.0,597.25,1039.88,1.0,518.44,1177.82,1.0,755.32,1240.12,1.0,364.12,1240.98,0.99,779.46,1327.68,1.0
135,689.27,661.61,0.84,0.0,0.0,0.25,671.39,652.73,0.88,0.0,0.0,0.13,622.54,677.17,0.94,631.62,761.67,0.97,581.44,797.11,1.0,626.89,901.07,0.76,538.63,952.34,0.99,665.49,1007.75,0.68,651.78,1021.77,0.98,612.55,1020.6,1.0,598.83,1049.53,1.0,606.71,1170.93,0.99,725.0,1244.53,1.0,494.78,1264.1,0.98,729.04,1362.87,0.99
136,702.56,672.55,0.85,0.0,0.0,0.26,688.94,660.39,0.9,0.0,0.0,0.15,645.59,690.06,0.96,630.16,784.95,0.96,616.2,811.33,1.0,632.02,927.98,0.73,626.28,962.37,0.99,708.7,967.79,0.71,727.27,981.88,0.98,612.71,1038.42,0.99,603.1,1053.34,1.0,673.01,1228.77,0.99,677.48,1249.77,1.0,636.09,1405.37,0.97,621.09,1430.56,0.99
137,718.03,680.46,0.86,0.0,0.0,0.29,699.63,667.44,0.89,0.0,0.0,0.09,647.57,696.55,0.91,654.33,784.17,0.92,638.32,817.92,0.99,684.53,913.94,0.7,675.92,969.53,0.99,757.9,911.62,0.7,792.32,915.08,0.97,639.89,1045.33,0.99,619.31,1066.86,1.0,731.66,1185.53,0.98,696.54,1245.4,1.0,591.48,1286.98,0.95,530.64,1372.04,0.97
138,725.79,672.97,0.92,0.0,0.0,0.44,712.78,660.82,0.92,0.0,0.0,0.2,667.95,686.99,0.94,632.29,772.17,0.98,672.1,799.49,1.0,569.78,917.34,0.9,723.24,921.31,1.0,551.76,968.7,0.85,805.38,853.51,0.99,641.06,1020.63,1.0,632.46,1043.71,1.0,769.56,1130.13,1.0,635.41,1220.39,1.0,677.02,1230.37,0.98,432.08,1375.26,0.99
139,735.16,663.61,0.93,0.0,0.0,0.5,724.51,650.79,0.91,0.0,0.0,0.24,675.7,673.12,0.92,631.49,749.46,0.99,680.8,779.74,1.0,569.98,880.23,0.96,745.55,890.84,1.0,544.17,953.59,0.93,801.73,818.72,0.99,668.18,998.41,1.0,656.01,1020.55,1.0,799.95,1108.48,1.0,592.25,1189.01,1.0,759.54,1235.82,0.98,386.44,1357.76,0.99
140,748.79,651.66,0.95,742.13,633.28,0.58,735.47,639.68,0.93,0.0,0.0,0.38,691.72,668.52,0.96,629.41,732.76,0.99,705.75,781.75,1.0,551.99,846.11,0.98,774.55,872.44,1.0,553.39,924.34,0.95,815.65,805.01,0.99,674.27,976.09,1.0,678.12,1003.26,1.0,818.66,1104.73,1.0,579.36,1168.3,1.0,844.87,1226.72,0.98,379.23,1306.13,0.99
141,766.31,654.3,0.94,746.9,629.17,0.54,751.37,640.56,0.91,0.0,0.0,0.39,706.91,667.45,0.96,635.96,725.06,1.0,716.05,775.39,1.0,562.76,843.9,0.99,770.24,873.44,1.0,578.2,935.22,0.95,843.57,851.41,0.98,682.02,963.9,1.0,692.93,986.15,1.0,827.16,1134.56,1.0,600.68,1157.14,1.0,891.78,1240.59,0.98,388.18,1233.29,0.99
142,785.89,655.41,0.91,0.0,0.0,0.39,770.91,639.58,0.9,0.0,0.0,0.27,728.01,661.0,0.97,655.15,732.71,1.0,724.52,760.29,1.0,595.11,870.26,0.97,753.89,875.03,0.99,625.38,958.38,0.92,827.75,942.64,0.98,685.68,976.28,1.0,702.59,986.35,1.0,809.17,1152.0,1.0,654.46,1137.01,1.0,888.78,1251.25,0.98,488.32,1188.44,0.98
143,792.79,660.74,0.84,0.0,0.0,0.23,776.18,644.41,0.88,0.0,0.0,0.17,735.02,667.01,0.98,674.7,746.21,0.98,731.17,765.38,1.0,633.12,873.89,0.83,735.47,884.11,0.99,708.4,969.64,0.74,766.88,998.56,0.97,697.66,994.61,0.99,721.75,996.27,1.0,776.47,1182.41,0.99,704.25,1131.15,0.99,833.42,1305.07,0.95,601.09,1191.18,0.98
144,790.36,666.3,0.81,0.0,0.0,0.25,784.46,651.71,0.85,0.0,0.0,0.19,752.0,666.02,0.93,699.46,750.79,0.94,726.49,767.96,0.99,700.59,870.78,0.71,696.4,898.55,0.99,765.36,950.09,0.71,711.5,1013.45,0.97,693.33,984.49,0.98,712.52,995.57,0.99,765.94,1150.23,0.98,781.89,1171.82,0.99,747.57,1308.73,0.93,727.0,1347.83,0.97
145,794.96,670.22,0.92,0.0,0.0,0.48,780.28,655.1,0.92,0.0,0.0,0.16,740.8,673.05,0.93,735.19,775.44,0.97,719.04,771.63,1.0,748.47,874.41,0.85,671.35,890.13,0.99,812.04,905.66,0.85,666.63,984.74,0.99,722.41,996.07,0.99,715.35,996.32,1.0,781.81,1127.75,0.99,792.34,1137.9,1.0,649.84,1256.79,0.96,636.9,1282.64,0.98
146,802.3,666.91,0.9,0.0,0.0,0.34,780.05,655.38,0.87,0.0,0.0,0.16,745.8,677.43,0.96,746.19,774.49,0.99,731.57,744.6,1.0,753.11,863.51,0.93,673.51,833.16,1.0,825.51,837.21,0.86,647.89,932.39,0.99,695.16,996.94,1.0,710.25,974.98,1.0,678.03,1147.11,1.0,825.36,1067.89,1.0,561.06,1301.66,0.99,751.25,1171.4,0.99
147,796.76,659.54,0.89,0.0,0.0,0.35,780.26,650.7,0.83,0.0,0.0,0.18,752.5,668.62,0.92,763.55,755.9,0.99,732.9,734.98,1.0,791.58,835.88,0.94,662.8,825.14,1.0,826.44,779.91,0.87,628.69,912.94,0.98,718.33,975.12,1.0,735.74,959.47,1.0,651.65,1114.71,1.0,865.51,1068.78,1.0,500.33,1271.07,0.98,816.05,1201.66,0.99
148,799.23,654.12,0.87,0.0,0.0,0.24,786.14,644.54,0.86,0.0,0.0,0.1,749.33,657.46,0.95,742.05,749.64,0.99,715.38,732.45,1.0,786.23,820.34,0.91,656.66,832.1,1.0,830.26,769.61,0.82,649.2,919.41,0.99,711.29,957.33,1.0,735.03,950.46,1.0,631.39,1088.77,1.0,883.64,1079.38,1.0,473.97,1212.46,0.99,883.94,1208.9,0.99
149,802.44,645.84,0.8,0.0,0.0,0.17,789.33,638.23,0.8,0.0,0.0,0.11,754.72,653.02,0.94,739.02,735.72,0.98,730.9,733.3,1.0,763.93,825.93,0.87,673.89,839.57,1.0,821.8,827.87,0.78,687.85,940.77,0.99,715.33,941.27,1.0,744.5,947.32,1.0,642.48,1073.7,1.0,884.71,1103.03,1.0,497.55,1141.12,0.98,900.61,1193.59,0.99
150,806.29,654.46,0.76,0.0,0.0,0.16,796.28,646.47,0.8,0.0,0.0,0.12,763.56,660.63,0.94,738.99,732.11,0.97,731.25,746.37,1.0,744.0,848.07,0.79,682.48,870.02,1.0,803.08,901.29,0.71,742.92,947.13,0.99,721.75,935.22,1.0,743.09,950.54,1.0,678.03,1069.81,0.99,873.13,1116.7,1.0,559.06,1119.71,0.98,886.28,1194.73,0.99
151,800.31,662.44,0.62,0.0,0.0,0.09,793.83,652.54,0.71,0.0,0.0,0.09,762.01,667.87,0.91,714.02,731.76,0.9,732.68,769.91,1.0,718.24,841.12,0.63,717.6,896.84,0.99,779.96,896.08,0.64,794.71,937.68,0.98,707.88,948.15,0.99,731.53,976.19,1.0,719.57,1061.03,0.99,832.16,1137.14,1.0,642.81,1118.69,0.97,817.3,1237.34,0.99
152,798.81,667.98,0.73,0.0,0.0,0.18,790.64,656.56,0.78,0.0,0.0,0.16,764.88,676.71,0.92,733.43,751.31,0.94,745.96,768.85,0.99,734.6,877.4,0.72,769.4,893.88,0.99,796.67,906.26,0.68,857.87,897.99,0.97,716.8,955.78,0.99,722.72,965.35,1.0,770.79,1102.73,0.98,778.66,1116.38,0.99,734.79,1239.86,0.94,719.78,1259.8,0.97
153,784.62,669.99,0.71,0.0,0.0,0.16,777.65,659.97,0.7,0.0,0.0,0.16,744.01,682.89,0.89,696.03,749.5,0.97,736.42,780.62,1.0,645.74,862.58,0.89,794.12,881.81,0.99,629.61,925.75,0.86,875.89,837.65,0.98,701.6,949.1,1.0,714.83,966.97,1.0,772.17,1069.11,0.99,757.53,1116.37,1.0,679.49,1180.83,0.96,637.06,1251.87,0.98
154,776.01,664.32,0.71,0.0,0.0,0.23,769.36,653.14,0.57,0.0,0.0,0.33,740.06,674.17,0.8,673.74,728.56,0.99,749.75,766.05,0.99,612.94,817.72,0.97,813.6,838.37,0.99,589.35,884.46,0.95,870.18,774.3,0.98,692.73,907.51,1.0,717.98,932.07,1.0,792.31,1004.1,1.0,724.32,1081.7,1.0,695.3,1099.44,0.99,561.43,1219.46,0.99
155,770.3,657.21,0.78,0.0,0.0,0.31,762.85,645.87,0.67,0.0,0.0,0.29,737.92,663.95,0.85,662.79,710.29,0.97,744.16,742.14,0.99,603.49,785.21,0.94,807.19,801.54,0.99,576.08,859.78,0.93,838.0,791.51,0.98,685.56,883.34,1.0,706.79,905.98,1.0,817.36,967.63,0.99,695.71,1024.31,1.0,808.1,1089.23,0.98,550.31,1168.62,0.98
156,757.74,653.92,0.81,0.0,0.0,0.38,748.73,641.8,0.68,0.0,0.0,0.47,723.96,659.36,0.87,651.8,702.27,0.99,740.2,740.86,1.0,584.23,787.59,0.98,799.12,806.08,0.99,576.92,860.78,0.95,827.71,769.4,0.97,683.39,881.89,1.0,711.85,901.65,1.0,794.42,997.75,1.0,662.51,1032.93,1.0,814.11,1111.23,0.99,520.03,1144.82,0.99
157,751.35,644.87,0.78,0.0,0.0,0.27,740.53,633.23,0.71,0.0,0.0,0.3,721.7,652.79,0.91,652.9,700.13,0.98,735.01,732.83,1.0,592.57,799.53,0.95,802.5,812.41,0.99,586.3,854.55,0.89,844.6,789.6,0.97,678.46,887.78,1.0,705.85,901.25,1.0,787.91,1027.03,0.99,670.87,1027.86,0.99,825.6,1116.37,0.95,527.37,1089.31,0.97
158,740.72,648.61,0.75,0.0,0.0,0.31,730.97,635.31,0.63,0.0,0.0,0.4,717.94,651.08,0.89,647.47,714.84,0.99,736.03,725.8,0.99,607.84,814.37,0.96,782.51,814.06,0.98,612.32,872.05,0.91,805.94,865.04,0.96,674.08,889.08,1.0,716.35,890.13,1.0,749.66,1038.07,0.99,693.4,1010.33,0.99,785.4,1132.72,0.96,577.81,1065.21,0.97
159,728.52,656.16,0.55,0.0,0.0,0.16,727.72,643.97,0.53,0.0,0.0,0.32,715.09,653.45,0.89,632.9,721.93,0.97,715.78,726.5,0.99,620.73,821.2,0.83,746.99,817.56,0.96,635.25,878.53,0.7,766.87,891.29,0.9,658.64,887.48,0.99,709.16,892.98,1.0,689.42,1015.5,0.99,709.72,1023.94,0.99,739.65,1133.14,0.97,719.71,1144.39,0.98
160,0.0,0.0,0.42,0.0,0.0,0.1,0.0,0.0,0.43,0.0,0.0,0.22,715.56,659.76,0.82,639.11,727.03,0.89,711.64,732.43,0.98,618.14,824.84,0.65,719.24,828.69,0.96,639.57,906.13,0.6,731.52,919.75,0.91,644.63,897.47,0.97,690.6,901.22,0.99,704.83,1025.63,0.97,726.32,1030.43,0.99,688.58,1138.79,0.93,671.67,1152.71,0.96
161,712.57,666.64,0.55,0.0,0.0,0.16,707.04,653.14,0.58,0.0,0.0,0.2,694.66,662.97,0.86,638.16,738.66,0.89,695.4,732.12,0.98,623.84,829.37,0.58,699.71,823.36,0.96,662.12,887.34,0.51,689.13,905.53,0.9,634.84,905.51,0.97,675.91,899.78,0.99,687.02,1028.1,0.96,722.85,1005.02,0.99,618.33,1140.47,0.94,636.23,1113.27,0.97
162,702.78,665.54,0.69,0.0,0.0,0.26,696.27,653.99,0.71,0.0,0.0,0.23,679.31,662.76,0.86,637.58,733.01,0.9,675.79,728.07,0.98,623.45,814.99,0.58,670.93,812.34,0.95,0.0,0.0,0.49,666.94,893.29,0.88,632.69,895.05,0.96,668.92,889.5,0.98,643.1,1001.27,0.95,720.65,975.74,0.98,561.93,1115.78,0.93,664.05,1080.93,0.96
163,697.96,660.9,0.62,0.0,0.0,0.15,691.39,650.71,0.68,0.0,0.0,0.14,675.57,661.31,0.91,640.18,728.53,0.94,664.31,719.66,0.99,653.59,797.2,0.61,651.36,798.82,0.98,0.0,0.0,0.41,657.15,867.44,0.9,624.65,896.96,0.99,664.16,887.45,1.0,598.2,998.01,0.99,746.91,957.61,1.0,499.09,1119.91,0.98,723.67,1059.76,0.99
164,693.67,651.83,0.63,0.0,0.0,0.13,686.66,644.31,0.66,0.0,0.0,0.11,668.18,656.37,0.89,646.56,716.06,0.93,644.13,715.29,1.0,649.78,786.73,0.69,621.62,792.14,0.99,665.91,832.18,0.59,646.2,857.03,0.97,631.44,876.01,0.99,653.33,875.9,1.0,598.1,970.6,0.99,754.06,963.77,1.0,482.64,1074.14,0.97,743.82,1067.84,0.99
165,675.94,654.23,0.55,0.0,0.0,0.1,673.8,645.49,0.59,0.0,0.0,0.13,661.68,652.63,0.89,618.77,713.67,0.94,635.45,714.65,1.0,638.45,785.82,0.72,619.62,802.11,0.99,675.53,814.83,0.6,656.23,873.95,0.97,607.18,868.7,0.99,642.23,872.43,1.0,579.23,978.39,0.99,742.01,987.59,1.0,488.95,1045.75,0.96,754.26,1069.72,0.98
166,0.0,0.0,0.41,0.0,0.0,0.06,673.49,648.84,0.52,0.0,0.0,0.11,660.15,657.85,0.89,597.68,714.19,0.89,635.27,721.62,0.99,601.44,804.32,0.55,614.3,809.6,0.99,0.0,0.0,0.46,669.31,871.01,0.95,587.21,871.92,0.99,628.58,879.91,1.0,589.32,980.99,0.98,719.16,1001.28,1.0,513.38,1038.03,0.96,712.52,1077.25,0.99
167,0.0,0.0,0.45,0.0,0.0,0.09,660.16,660.56,0.58,0.0,0.0,0.14,646.08,670.55,0.88,583.71,725.45,0.83,632.81,738.81,0.99,0.0,0.0,0.42,623.37,823.72,0.97,0.0,0.0,0.36,668.9,872.61,0.91,584.32,878.75,0.97,624.82,891.25,0.99,594.98,976.37,0.97,678.66,1014.1,0.99,558.39,1039.04,0.95,672.87,1104.57,0.98
168,0.0,0.0,0.39,0.0,0.0,0.1,0.0,0.0,0.38,0.0,0.0,0.25,642.57,678.35,0.8,570.22,741.23,0.92,633.95,749.27,0.98,557.07,838.67,0.73,648.29,835.1,0.95,570.18,900.39,0.62,684.04,862.52,0.88,575.77,899.16,0.98,615.79,905.12,0.99,619.83,1011.33,0.97,641.33,1022.64,0.98,611.29,1108.25,0.93,607.22,1125.59,0.95
169,644.74,684.35,0.66,0.0,0.0,0.2,641.47,673.61,0.64,0.0,0.0,0.26,623.21,686.32,0.88,550.43,738.79,0.95,621.81,758.41,0.99,519.49,822.93,0.82,666.53,821.3,0.98,526.44,892.5,0.78,714.41,803.93,0.95,547.61,891.6,0.98,588.26,901.88,0.99,596.06,1007.72,0.95,615.2,1027.57,0.98,546.49,1103.11,0.87,533.5,1126.78,0.92
170,628.72,684.55,0.51,0.0,0.0,0.13,0.0,0.0,0.42,0.0,0.0,0.32,612.15,684.77,0.83,538.35,733.61,0.98,622.97,753.09,0.99,496.98,790.85,0.92,665.85,823.58,0.98,503.5,798.21,0.86,689.38,785.24,0.96,554.51,884.99,1.0,601.27,890.08,1.0,568.83,995.97,0.99,572.31,1002.48,0.99,510.37,1090.5,0.96,493.48,1100.18,0.97
171,615.99,679.45,0.54,0.0,0.0,0.17,0.0,0.0,0.43,0.0,0.0,0.33,596.24,680.94,0.8,532.49,725.64,0.98,611.01,738.1,0.99,480.98,783.73,0.92,654.74,796.45,0.97,468.03,812.67,0.85,665.04,785.53,0.93,554.28,867.14,0.99,595.52,871.2,1.0,594.83,949.24,0.99,592.86,951.23,0.99,556.92,1039.43,0.97,525.64,1039.37,0.98
172,602.31,678.58,0.68,0.0,0.0,0.3,595.46,668.24,0.63,0.0,0.0,0.34,580.43,678.61,0.82,522.39,718.32,0.95,601.68,734.62,0.98,480.77,773.49,0.84,648.9,799.99,0.95,487.61,767.5,0.74,640.61,786.47,0.9,545.22,858.22,0.99,577.62,865.83,0.99,621.11,950.13,0.97,547.04,965.09,0.98,622.62,1029.45,0.94,453.91,1052.43,0.96
173,591.28,673.43,0.57,0.0,0.0,0.2,0.0,0.0,0.49,0.0,0.0,0.28,569.5,676.92,0.8,506.64,721.71,0.96,592.28,734.38,0.98,480.46,812.94,0.88,628.09,802.12,0.95,485.22,839.49,0.78,627.9,797.43,0.89,540.81,858.59,0.99,580.84,865.13,0.99,611.46,972.83,0.98,549.8,986.66,0.98,615.71,1021.92,0.94,424.01,1030.44,0.95
174,0.0,0.0,0.18,0.0,0.0,0.05,0.0,0.0,0.19,0.0,0.0,0.38,568.11,670.18,0.91,501.59,731.83,0.98,583.66,729.12,1.0,473.78,808.31,0.86,614.47,800.52,0.98,485.77,855.41,0.66,634.22,843.48,0.89,526.03,872.47,0.99,577.26,871.9,1.0,535.93,969.49,0.98,567.61,967.73,0.99,553.48,1049.44,0.93,564.76,1050.05,0.95
175,0.0,0.0,0.26,0.0,0.0,0.1,0.0,0.0,0.22,0.0,0.0,0.48,561.37,671.54,0.86,493.9,735.25,0.99,576.04,733.1,0.99,470.68,810.92,0.91,593.37,816.54,0.96,497.73,862.99,0.75,615.56,879.52,0.85,515.98,878.17,0.99,565.43,878.09,1.0,550.9,990.46,0.98,562.02,989.38,0.98,584.02,1092.61,0.92,566.5,1093.12,0.93
176,0.0,0.0,0.47,0.0,0.0,0.14,0.0,0.0,0.43,0.0,0.0,0.28,549.3,681.62,0.83,485.95,742.45,0.94,559.28,741.51,0.99,471.05,824.66,0.78,584.05,819.87,0.96,484.53,870.7,0.67,588.53,888.13,0.91,508.37,884.95,0.99,553.13,886.23,0.99,537.67,1001.53,0.98,557.6,999.75,0.99,535.64,1108.16,0.94,524.89,1105.27,0.96
177,0.0,0.0,0.44,0.0,0.0,0.11,0.0,0.0,0.45,0.0,0.0,0.25,546.65,681.68,0.85,485.89,750.62,0.93,554.4,744.76,0.98,471.64,844.16,0.67,568.76,829.9,0.95,495.81,900.19,0.51,567.21,895.95,0.85,503.22,907.96,0.98,550.12,901.59,0.99,528.11,1013.01,0.97,567.67,987.95,0.99,494.4,1114.87,0.94,524.92,1081.07,0.97
178,551.0,677.91,0.55,0.0,0.0,0.21,547.33,665.07,0.52,0.0,0.0,0.27,535.13,670.62,0.79,480.87,738.92,0.91,533.52,732.34,0.97,471.7,807.1,0.66,551.3,806.48,0.91,522.42,857.12,0.56,562.82,874.32,0.82,489.9,891.97,0.96,531.74,886.0,0.98,495.71,998.89,0.95,555.92,967.02,0.97,450.81,1105.44,0.93,524.88,1057.54,0.95
179,553.23,682.39,0.53,0.0,0.0,0.16,549.6,670.7,0.53,0.0,0.0,0.21,537.27,672.98,0.83,481.41,734.93,0.89,532.32,729.5,0.98,475.13,805.02,0.58,541.85,803.88,0.94,0.0,0.0,0.47,557.01,871.43,0.85,487.7,893.59,0.96,536.57,887.63,0.98,459.63,1000.15,0.96,571.82,966.18,0.98,402.44,1110.47,0.93,564.57,1057.85,0.96
180,550.76,671.83,0.51,0.0,0.0,0.13,550.57,663.01,0.53,0.0,0.0,0.23,541.21,671.43,0.83,482.87,729.21,0.93,535.2,732.27,0.99,480.61,802.6,0.68,533.91,808.91,0.97,525.56,849.52,0.55,551.57,864.63,0.91,480.35,875.39,0.98,532.61,875.54,0.99,455.89,969.26,0.97,589.37,966.8,0.99,380.36,1062.54,0.94,584.17,1068.3,0.97
181,0.0,0.0,0.48,0.0,0.0,0.1,549.21,664.49,0.53,0.0,0.0,0.21,536.41,670.81,0.84,474.09,727.57,0.92,529.01,733.9,0.99,465.35,808.56,0.64,524.75,818.01,0.98,512.53,858.37,0.5,545.77,881.45,0.91,477.07,875.32,0.98,532.04,878.74,0.99,449.33,978.73,0.97,592.89,988.52,0.99,368.09,1054.73,0.93,594.06,1083.01,0.96
182,0.0,0.0,0.48,0.0,0.0,0.09,550.49,668.22,0.56,0.0,0.0,0.2,536.87,676.17,0.89,461.46,725.71,0.93,529.19,738.49,0.99,458.1,811.67,0.65,524.29,820.93,0.98,501.91,872.55,0.51,555.46,886.5,0.93,463.02,876.46,0.99,520.64,884.68,1.0,459.32,976.02,0.97,584.32,1002.09,0.99,396.86,1037.36,0.94,580.69,1088.79,0.97
183,0.0,0.0,0.46,0.0,0.0,0.1,545.78,674.46,0.55,0.0,0.0,0.21,538.31,682.71,0.88,460.6,736.72,0.9,533.24,751.83,0.99,459.66,821.81,0.56,537.28,835.52,0.97,0.0,0.0,0.45,572.55,888.24,0.9,464.42,893.63,0.98,518.92,905.08,0.99,470.9,989.14,0.97,554.07,1021.02,0.99,453.17,1074.39,0.94,552.24,1127.31,0.97
184,0.0,0.0,0.48,0.0,0.0,0.15,0.0,0.0,0.4,0.0,0.0,0.31,540.32,700.66,0.76,462.76,755.17,0.96,538.83,765.35,0.98,437.07,849.48,0.87,564.2,852.88,0.96,441.53,912.31,0.78,593.37,865.61,0.91,471.77,912.75,0.99,518.04,918.85,0.99,499.11,1037.1,0.97,533.42,1047.69,0.98,489.49,1144.86,0.9,491.81,1154.26,0.92
185,0.0,0.0,0.42,0.0,0.0,0.12,0.0,0.0,0.29,0.0,0.0,0.37,534.63,704.33,0.74,452.44,759.7,0.98,541.13,776.32,0.99,412.43,832.37,0.95,578.13,844.62,0.97,408.67,898.05,0.9,600.3,831.24,0.94,465.0,914.44,1.0,516.36,921.44,1.0,496.75,1034.8,0.99,511.43,1048.67,0.99,467.84,1136.21,0.96,451.06,1152.56,0.97
186,0.0,0.0,0.43,0.0,0.0,0.12,0.0,0.0,0.27,0.0,0.0,0.37,527.79,702.77,0.73,448.58,750.4,0.99,542.88,772.82,0.99,405.36,813.21,0.96,590.63,837.33,0.97,385.83,872.01,0.92,591.79,798.94,0.95,462.13,901.87,1.0,515.67,909.74,1.0,476.65,1015.95,1.0,489.53,1032.64,1.0,434.16,1125.48,0.98,420.25,1142.8,0.98
187,0.0,0.0,0.42,0.0,0.0,0.14,0.0,0.0,0.3,0.0,0.0,0.36,524.68,698.32,0.71,445.53,741.84,0.97,543.08,762.3,0.98,389.71,799.58,0.92,584.28,823.78,0.96,374.43,859.12,0.85,585.14,774.86,0.93,469.36,894.1,0.99,522.75,900.91,1.0,491.18,996.73,0.98,501.88,1007.46,0.99,444.09,1089.88,0.93,425.4,1098.78,0.94
188,0.0,0.0,0.42,0.0,0.0,0.14,0.0,0.0,0.27,0.0,0.0,0.4,520.71,693.89,0.72,440.36,738.75,0.98,541.01,752.35,0.99,386.34,791.87,0.94,585.61,810.94,0.96,366.17,856.87,0.87,584.66,819.79,0.92,468.12,887.7,1.0,527.82,892.16,1.0,489.58,985.28,0.99,530.65,984.5,0.99,458.03,1081.71,0.95,485.02,1071.85,0.95
189,522.77,685.82,0.5,0.0,0.0,0.2,0.0,0.0,0.3,0.0,0.0,0.48,514.73,688.6,0.72,442.72,739.89,0.98,538.94,753.31,0.98,394.71,805.93,0.96,580.23,817.78,0.96,383.08,858.14,0.9,561.46,838.18,0.91,478.09,888.59,1.0,526.44,892.69,1.0,522.62,999.23,0.99,475.48,998.54,0.99,534.06,1071.88,0.95,395.94,1060.26,0.95
190,0.0,0.0,0.47,0.0,0.0,0.19,0.0,0.0,0.3,0.0,0.0,0.48,517.29,688.57,0.71,442.35,743.63,0.98,528.86,746.54,0.99,407.2,815.78,0.94,570.77,809.96,0.96,401.49,878.5,0.87,577.08,851.74,0.9,469.5,883.77,0.99,520.22,886.62,1.0,485.55,998.49,0.98,505.46,999.49,0.98,526.59,1086.55,0.93,510.36,1083.56,0.94
191,0.0,0.0,0.28,0.0,0.0,0.14,0.0,0.0,0.11,464.44,696.08,0.62,0.0,0.0,0.44,448.33,761.65,0.98,535.26,762.51,0.98,418.75,841.74,0.96,559.13,845.16,0.94,435.21,900.4,0.91,571.61,910.09,0.87,471.29,906.11,1.0,525.29,907.7,0.99,494.06,1023.78,0.99,512.99,1023.35,0.99,532.07,1121.45,0.95,518.15,1122.51,0.94
192,0.0,0.0,0.36,0.0,0.0,0.12,0.0,0.0,0.27,0.0,0.0,0.38,517.62,700.71,0.74,444.1,767.34,0.96,529.72,764.01,0.98,430.94,855.08,0.85,549.85,849.54,0.95,457.94,882.16,0.74,558.19,915.92,0.87,468.53,912.22,0.99,524.57,911.44,0.99,484.56,1033.69,0.98,519.79,1028.33,0.98,494.09,1139.56,0.93,496.43,1133.59,0.95
193,0.0,0.0,0.15,0.0,0.0,0.04,0.0,0.0,0.16,0.0,0.0,0.25,515.96,707.94,0.86,445.76,769.3,0.96,530.7,771.12,0.99,428.68,847.19,0.74,540.8,860.92,0.95,457.18,896.68,0.5,552.06,925.6,0.81,462.18,922.28,0.99,516.75,922.51,0.99,482.21,1038.17,0.96,508.03,1037.16,0.98,466.57,1146.06,0.88,472.53,1147.9,0.92
194,0.0,0.0,0.43,0.0,0.0,0.13,0.0,0.0,0.39,0.0,0.0,0.3,512.43,707.26,0.82,458.86,770.7,0.96,519.36,766.95,0.99,442.49,848.49,0.78,537.4,849.5,0.95,480.7,898.17,0.6,543.96,918.05,0.86,471.36,925.96,0.99,517.59,918.87,0.99,472.04,1037.23,0.98,529.57,996.12,0.99,441.44,1148.76,0.95,505.43,1081.08,0.97
195,0.0,0.0,0.39,0.0,0.0,0.14,0.0,0.0,0.36,0.0,0.0,0.28,510.69,703.23,0.72,459.61,769.5,0.89,513.72,759.05,0.97,443.56,837.5,0.6,525.77,833.33,0.9,0.0,0.0,0.45,532.83,893.74,0.76,458.74,914.49,0.96,507.2,903.33,0.98,445.84,1025.81,0.96,540.83,970.86,0.98,403.96,1133.6,0.94,541.09,1049.24,0.96
196,0.0,0.0,0.42,0.0,0.0,0.12,0.0,0.0,0.44,0.0,0.0,0.21,514.29,707.97,0.77,455.77,764.11,0.86,514.68,764.56,0.98,443.06,838.11,0.55,520.96,839.89,0.94,0.0,0.0,0.46,533.59,889.52,0.86,461.78,899.91,0.96,511.8,900.38,0.98,452.76,995.27,0.95,552.61,991.18,0.98,403.38,1085.98,0.93,542.24,1086.23,0.96
197,0.0,0.0,0.37,0.0,0.0,0.08,0.0,0.0,0.43,0.0,0.0,0.18,519.2,704.65,0.84,457.02,757.61,0.91,513.88,763.38,0.99,456.3,838.34,0.61,515.58,844.43,0.97,0.0,0.0,0.46,536.53,901.87,0.89,463.02,894.19,0.99,513.93,898.71,1.0,455.64,987.18,0.98,565.13,997.37,0.99,398.86,1070.59,0.97,561.47,1092.45,0.98
198,0.0,0.0,0.13,0.0,0.0,0.02,0.0,0.0,0.14,0.0,0.0,0.14,518.94,708.92,0.87,458.25,758.07,0.95,521.1,762.83,0.99,454.35,837.36,0.7,523.52,844.73,0.97,488.19,894.17,0.51,541.79,899.64,0.87,463.74,902.34,0.99,514.23,905.0,1.0,457.05,1004.89,0.96,550.37,1005.96,0.98,416.79,1088.46,0.89,545.41,1093.1,0.94
199,0.0,0.0,0.13,0.0,0.0,0.03,0.0,0.0,0.14,0.0,0.0,0.29,528.07,709.21,0.88,458.78,762.99,0.97,534.26,767.94,0.99,436.48,837.78,0.78,535.22,854.45,0.95,457.34,878.67,0.53,558.41,901.95,0.78,469.17,911.3,0.99,523.33,913.87,0.99,470.67,1018.89,0.94,545.18,1020.29,0.96,462.14,1114.05,0.81,550.36,1118.89,0.86
200,0.0,0.0,0.33,0.0,0.0,0.1,0.0,0.0,0.21,0.0,0.0,0.35,533.77,718.29,0.64,462.11,777.67,0.96,536.29,789.41,0.98,437.04,849.92,0.9,551.29,866.61,0.95,432.12,865.48,0.83,565.14,880.47,0.9,473.25,918.01,0.99,522.67,925.68,0.99,488.35,1026.93,0.98,536.1,1045.85,0.99,483.88,1116.91,0.93,513.35,1146.12,0.95
201,0.0,0.0,0.29,0.0,0.0,0.11,0.0,0.0,0.16,0.0,0.0,0.45,530.3,722.25,0.6,455.22,782.4,0.97,548.89,788.26,0.98,433.64,854.58,0.92,577.23,856.56,0.95,440.78,915.7,0.84,566.88,868.87,0.9,467.49,920.44,0.99,526.24,923.97,0.99,497.61,1030.58,0.98,521.77,1042.21,0.99,484.28,1118.48,0.94,483.93,1138.22,0.95
202,0.0,0.0,0.26,0.0,0.0,0.1,0.0,0.0,0.12,0.0,0.0,0.46,537.26,719.57,0.5,462.13,768.27,0.97,552.21,784.12,0.98,419.86,830.52,0.95,578.71,847.5,0.95,415.44,893.58,0.9,584.16,831.21,0.91,467.3,907.23,1.0,520.8,913.99,1.0,496.26,1014.31,0.99,513.05,1031.94,0.99,464.27,1106.44,0.96,458.45,1132.79,0.97
203,0.0,0.0,0.32,0.0,0.0,0.11,0.0,0.0,0.18,0.0,0.0,0.42,538.2,707.78,0.61,461.7,754.92,0.98,554.07,772.69,0.98,419.66,815.86,0.94,587.18,833.68,0.95,414.57,872.71,0.88,579.78,802.88,0.9,469.54,899.32,1.0,523.61,905.73,1.0,496.42,1007.77,0.99,508.27,1020.62,0.99,456.25,1106.12,0.96,444.73,1121.01,0.96
204,0.0,0.0,0.13,0.0,0.0,0.05,0.0,0.0,0.11,0.0,0.0,0.49,537.52,700.7,0.82,467.38,750.9,0.98,552.9,752.86,0.99,424.19,817.43,0.88,580.57,809.81,0.96,420.68,846.31,0.68,578.0,817.72,0.84,483.39,880.05,0.99,534.88,881.65,1.0,499.6,970.03,0.98,524.41,972.06,0.99,485.78,1046.98,0.94,483.98,1051.36,0.95
205,0.0,0.0,0.25,0.0,0.0,0.12,0.0,0.0,0.1,485.27,694.72,0.54,0.0,0.0,0.46,464.93,747.32,0.97,560.61,752.85,0.97,434.57,810.47,0.94,590.72,821.05,0.92,424.77,854.57,0.87,563.85,834.98,0.86,487.76,880.87,0.99,546.58,883.37,0.99,503.61,980.04,0.98,526.35,985.3,0.98,500.62,1058.74,0.93,502.78,1065.41,0.93
206,0.0,0.0,0.3,0.0,0.0,0.14,0.0,0.0,0.13,494.07,688.59,0.57,538.99,689.56,0.51,467.18,743.7,0.97,562.73,750.61,0.97,437.21,810.03,0.94,589.57,815.8,0.92,431.05,857.25,0.87,561.66,831.44,0.86,489.26,876.75,0.99,548.99,881.25,0.99,502.89,973.63,0.98,530.37,983.31,0.98,522.46,1058.56,0.94,535.2,1072.2,0.94
207,0.0,0.0,0.17,0.0,0.0,0.1,0.0,0.0,0.09,493.17,688.57,0.62,540.22,684.82,0.65,474.03,748.12,0.99,562.36,740.48,0.99,449.56,825.68,0.94,587.99,814.22,0.95,449.22,868.06,0.81,577.41,855.17,0.82,503.73,884.84,0.99,558.07,881.52,0.99,516.0,992.55,0.97,538.88,989.48,0.97,542.8,1087.84,0.88,540.49,1085.02,0.89
208,0.0,0.0,0.07,0.0,0.0,0.04,0.0,0.0,0.05,0.0,0.0,0.5,546.96,689.84,0.68,472.98,752.17,0.98,566.44,747.24,0.99,450.09,826.89,0.93,588.95,824.85,0.96,472.23,884.98,0.77,594.14,892.35,0.83,504.63,896.27,0.99,561.97,895.23,1.0,527.23,1005.99,0.98,550.25,1004.92,0.98,541.05,1109.5,0.92,537.38,1108.58,0.93
209,0.0,0.0,0.08,0.0,0.0,0.04,0.0,0.0,0.05,497.48,696.31,0.54,545.37,692.02,0.71,476.44,757.5,0.98,568.83,753.07,0.99,462.56,834.05,0.88,592.67,839.46,0.94,484.53,874.85,0.64,600.18,900.6,0.76,503.39,898.88,0.99,561.61,897.68,0.99,523.23,1013.32,0.97,559.07,1012.29,0.98,530.29,1120.15,0.9,544.94,1118.12,0.92
210,0.0,0.0,0.12,0.0,0.0,0.04,0.0,0.0,0.1,0.0,0.0,0.44,551.46,697.93,0.82,484.33,756.76,0.97,571.87,756.21,0.99,467.59,831.16,0.77,589.26,841.26,0.94,0.0,0.0,0.49,602.02,899.93,0.75,507.27,899.06,0.99,564.23,899.31,0.99,523.94,1013.69,0.97,564.24,1012.97,0.98,519.48,1120.66,0.92,545.17,1119.84,0.94
211,0.0,0.0,0.36,0.0,0.0,0.11,0.0,0.0,0.32,0.0,0.0,0.31,559.23,690.69,0.77,494.67,754.58,0.93,571.08,748.87,0.98,482.02,830.53,0.73,592.33,824.93,0.93,505.55,867.91,0.57,603.21,887.15,0.83,514.28,903.83,0.98,563.87,897.62,0.99,516.6,1017.19,0.98,546.42,998.8,0.99,501.0,1121.2,0.96,514.94,1099.82,0.97
212,0.0,0.0,0.12,0.0,0.0,0.03,0.0,0.0,0.12,0.0,0.0,0.27,566.73,678.83,0.88,502.57,734.24,0.97,579.19,736.76,0.99,489.76,807.24,0.76,590.1,819.14,0.97,518.73,850.52,0.51,609.62,872.83,0.84,518.2,874.77,0.99,573.37,876.13,1.0,516.2,972.26,0.97,589.25,972.36,0.98,488.87,1058.63,0.91,575.22,1060.92,0.95
213,0.0,0.0,0.33,0.0,0.0,0.1,0.0,0.0,0.23,0.0,0.0,0.34,575.06,674.55,0.67,510.66,729.9,0.96,579.73,733.73,0.98,493.59,800.38,0.86,585.94,806.12,0.96,521.2,826.61,0.76,611.2,841.52,0.9,520.53,869.31,0.99,573.57,872.7,1.0,508.43,968.59,0.99,601.55,974.07,0.99,470.83,1062.24,0.97,591.52,1072.09,0.98
214,0.0,0.0,0.13,0.0,0.0,0.03,0.0,0.0,0.14,0.0,0.0,0.31,583.24,672.78,0.91,515.11,729.54,0.97,591.68,731.37,0.99,501.54,801.55,0.73,604.7,801.93,0.96,0.0,0.0,0.47,620.46,811.94,0.81,529.06,874.24,0.99,587.75,876.12,1.0,511.33,978.0,0.97,613.54,979.09,0.99,469.93,1067.74,0.92,604.99,1071.55,0.95
215,0.0,0.0,0.12,0.0,0.0,0.03,0.0,0.0,0.12,0.0,0.0,0.38,587.94,666.34,0.89,517.6,723.77,0.98,595.06,728.3,0.99,491.88,804.11,0.82,608.04,811.92,0.96,511.46,841.79,0.56,634.41,844.55,0.8,529.66,879.14,0.99,586.13,882.4,0.99,522.47,990.89,0.93,617.11,993.59,0.96,499.71,1077.68,0.78,617.7,1083.41,0.84
216,0.0,0.0,0.3,0.0,0.0,0.09,0.0,0.0,0.23,0.0,0.0,0.35,607.29,668.05,0.7,525.2,724.45,0.95,608.45,737.78,0.98,505.45,805.1,0.82,614.14,816.39,0.94,523.18,853.01,0.69,631.5,836.77,0.85,530.75,879.06,0.99,591.35,886.62,0.99,534.39,990.39,0.97,614.39,1010.06,0.98,519.43,1074.98,0.91,610.63,1107.05,0.93
217,0.0,0.0,0.13,0.0,0.0,0.06,0.0,0.0,0.09,565.32,675.28,0.6,611.88,677.47,0.79,532.19,736.43,0.98,624.39,739.78,0.99,507.08,818.58,0.89,642.05,817.21,0.91,512.59,861.23,0.65,632.64,844.62,0.68,540.81,890.02,0.99,601.43,892.61,0.99,550.75,1007.7,0.94,608.44,1011.02,0.94,553.83,1106.62,0.8,603.19,1113.04,0.8
218,0.0,0.0,0.29,0.0,0.0,0.1,0.0,0.0,0.19,0.0,0.0,0.43,617.94,679.93,0.67,533.32,741.43,0.97,636.24,747.5,0.97,501.64,810.91,0.89,658.18,813.96,0.93,519.89,849.03,0.79,644.31,828.37,0.85,548.79,898.74,0.99,613.66,901.45,0.99,573.4,1016.34,0.99,604.93,1023.74,0.99,558.2,1115.13,0.96,569.2,1128.84,0.96
219,0.0,0.0,0.25,0.0,0.0,0.11,0.0,0.0,0.13,579.61,672.13,0.53,624.71,673.05,0.56,542.05,732.11,0.97,651.86,739.16,0.97,505.0,798.91,0.92,684.72,795.0,0.92,519.5,865.86,0.84,667.85,781.79,0.84,555.1,896.14,0.99,621.1,898.42,0.99,586.61,1012.8,0.99,599.98,1020.39,0.99,556.95,1115.81,0.96,546.38,1127.96,0.96
220,0.0,0.0,0.27,0.0,0.0,0.09,0.0,0.0,0.17,0.0,0.0,0.42,633.94,656.81,0.68,546.97,712.67,0.97,659.05,726.26,0.98,513.87,777.77,0.9,694.52,804.51,0.94,513.09,804.85,0.81,680.84,815.57,0.88,558.57,874.86,0.99,625.93,880.3,1.0,583.76,989.59,0.99,604.84,1004.65,0.99,554.07,1091.99,0.96,544.11,1116.14,0.97
221,0.0,0.0,0.29,0.0,0.0,0.11,0.0,0.0,0.16,0.0,0.0,0.43,640.52,644.94,0.58,557.87,700.57,0.96,659.67,709.22,0.96,522.92,764.85,0.91,688.23,769.48,0.91,514.29,824.69,0.83,667.08,775.07,0.84,570.57,851.81,0.99,633.06,855.33,0.99,587.94,962.7,0.96,619.43,971.27,0.96,572.08,1053.65,0.85,574.31,1060.51,0.85
222,0.0,0.0,0.05,0.0,0.0,0.02,0.0,0.0,0.04,593.5,643.14,0.5,646.69,643.89,0.71,563.1,703.0,0.98,665.14,703.67,0.99,519.28,773.42,0.89,696.3,770.01,0.95,528.21,792.51,0.66,689.54,779.56,0.78,581.16,850.61,0.99,641.91,851.61,1.0,603.29,958.87,0.98,627.38,960.9,0.98,591.61,1060.15,0.93,581.89,1063.54,0.94
223,0.0,0.0,0.24,0.0,0.0,0.11,0.0,0.0,0.11,597.53,634.41,0.52,649.66,635.88,0.51,568.66,694.33,0.96,676.76,703.91,0.97,530.36,759.71,0.91,710.8,775.56,0.94,525.79,802.59,0.83,692.08,787.03,0.87,588.28,843.39,0.99,654.92,849.44,1.0,606.05,951.65,0.99,635.85,968.41,0.99,616.21,1051.91,0.96,624.08,1081.01,0.97
224,0.0,0.0,0.13,0.0,0.0,0.12,0.0,0.0,0.05,605.37,635.45,0.86,654.65,634.49,0.54,581.27,698.11,0.99,680.57,695.65,0.99,541.64,774.02,0.96,711.0,761.15,0.92,533.98,808.92,0.84,698.95,779.85,0.72,602.42,848.28,1.0,661.08,848.0,1.0,618.17,961.6,0.99,641.5,962.88,0.98,645.8,1071.13,0.96,636.18,1071.17,0.94
225,0.0,0.0,0.25,0.0,0.0,0.13,0.0,0.0,0.09,607.11,637.16,0.56,0.0,0.0,0.45,586.93,700.57,0.97,685.98,702.68,0.97,560.94,781.23,0.94,718.54,781.29,0.92,562.09,834.14,0.86,687.44,790.94,0.85,606.01,857.52,1.0,667.78,859.1,0.99,621.93,981.95,0.99,644.28,982.37,0.99,649.97,1095.64,0.96,642.66,1094.57,0.96
226,0.0,0.0,0.25,0.0,0.0,0.1,0.0,0.0,0.11,615.04,646.16,0.52,666.67,644.45,0.56,584.02,710.92,0.97,693.2,706.71,0.98,555.92,789.97,0.94,718.0,787.13,0.95,579.54,816.83,0.88,704.71,831.19,0.9,610.6,862.82,1.0,677.61,861.45,1.0,631.59,986.68,0.99,660.02,978.23,0.99,643.96,1101.02,0.98,645.9,1090.32,0.98
227,0.0,0.0,0.26,0.0,0.0,0.1,0.0,0.0,0.11,617.8,653.97,0.52,669.22,651.88,0.55,594.28,719.45,0.98,693.38,711.81,0.98,562.71,803.15,0.95,721.92,795.32,0.96,574.15,833.3,0.9,716.75,853.03,0.9,616.5,874.04,1.0,678.7,871.09,1.0,634.37,995.85,0.99,671.84,983.14,0.99,637.31,1105.17,0.97,650.47,1086.69,0.98
228,0.0,0.0,0.26,0.0,0.0,0.08,0.0,0.0,0.15,0.0,0.0,0.36,677.53,651.35,0.66,604.56,713.86,0.96,693.94,705.62,0.98,577.77,793.12,0.89,719.67,783.91,0.96,596.63,830.11,0.8,724.72,845.87,0.9,619.27,869.08,0.99,675.2,864.16,1.0,632.94,992.64,0.99,666.66,972.05,0.99,621.44,1111.38,0.96,631.05,1080.54,0.97
229,0.0,0.0,0.25,0.0,0.0,0.11,0.0,0.0,0.1,622.43,635.39,0.53,677.4,632.1,0.51,615.58,701.92,0.98,696.2,689.46,0.98,579.57,777.66,0.94,719.37,767.87,0.94,592.41,808.01,0.87,729.64,816.41,0.87,629.64,859.46,1.0,685.22,848.81,1.0,617.76,976.67,0.99,678.0,929.64,0.99,603.27,1090.37,0.97,662.58,1013.32,0.97
230,0.0,0.0,0.26,0.0,0.0,0.09,0.0,0.0,0.13,0.0,0.0,0.46,685.26,625.25,0.62,614.34,689.26,0.97,700.65,685.37,0.99,584.92,763.75,0.91,720.15,763.79,0.96,606.14,794.26,0.82,734.79,803.29,0.89,624.13,844.8,1.0,686.28,840.68,1.0,615.54,962.96,0.99,698.95,937.61,0.99,589.74,1073.03,0.98,688.97,1032.16,0.98
231,0.0,0.0,0.3,0.0,0.0,0.09,0.0,0.0,0.2,0.0,0.0,0.35,690.82,621.85,0.66,617.47,685.31,0.96,699.84,689.73,0.99,594.68,762.94,0.85,718.55,766.38,0.96,610.98,788.25,0.74,745.64,783.97,0.91,625.74,832.39,0.99,687.07,836.85,1.0,611.78,937.52,0.99,713.21,949.99,1.0,572.34,1034.96,0.98,700.53,1058.07,0.98
232,0.0,0.0,0.37,0.0,0.0,0.1,0.0,0.0,0.29,0.0,0.0,0.3,695.94,621.65,0.7,620.13,678.31,0.94,700.99,687.46,0.99,594.74,762.74,0.83,718.91,761.63,0.97,617.47,789.59,0.76,755.99,784.63,0.93,630.47,826.67,0.99,688.93,836.08,1.0,623.86,928.76,0.98,720.5,966.86,0.99,583.49,994.61,0.96,710.04,1064.52,0.97
233,0.0,0.0,0.38,0.0,0.0,0.09,0.0,0.0,0.32,0.0,0.0,0.34,705.79,618.86,0.78,619.13,669.76,0.96,709.6,685.15,0.99,597.95,754.1,0.84,726.42,758.93,0.98,614.23,792.21,0.76,766.24,783.03,0.94,623.55,816.71,0.99,687.81,829.54,1.0,620.81,913.77,0.99,714.88,961.55,1.0,605.92,986.74,0.97,719.63,1070.46,0.98
234,0.0,0.0,0.44,0.0,0.0,0.11,0.0,0.0,0.38,0.0,0.0,0.4,709.75,617.52,0.83,622.44,670.81,0.97,716.31,690.38,0.99,595.95,750.26,0.87,739.64,766.18,0.98,609.38,795.16,0.79,774.86,784.01,0.94,629.93,817.12,1.0,693.71,830.03,1.0,631.84,919.55,0.99,707.95,959.85,1.0,627.27,1015.31,0.97,715.82,1083.8,0.98
235,0.0,0.0,0.32,0.0,0.0,0.08,0.0,0.0,0.22,0.0,0.0,0.42,715.01,630.26,0.73,627.35,684.84,0.97,727.48,703.09,0.99,597.85,762.44,0.9,755.78,781.51,0.98,613.73,791.03,0.84,781.75,780.76,0.95,638.72,839.88,1.0,700.96,851.52,1.0,675.08,952.22,0.99,715.62,984.61,1.0,669.0,1051.04,0.97,698.12,1108.25,0.98
236,0.0,0.0,0.36,0.0,0.0,0.1,0.0,0.0,0.25,0.0,0.0,0.48,717.14,633.56,0.78,620.73,688.82,0.98,734.1,706.82,0.99,585.3,765.43,0.93,764.1,779.8,0.97,616.08,809.6,0.86,772.04,775.99,0.93,634.41,853.01,1.0,703.56,861.52,1.0,671.35,978.42,0.99,697.55,996.25,0.99,656.06,1077.84,0.97,664.35,1107.31,0.98
237,0.0,0.0,0.4,0.0,0.0,0.12,0.0,0.0,0.25,673.73,619.82,0.51,721.72,623.6,0.79,626.61,680.34,0.99,742.39,697.98,0.99,586.49,755.13,0.95,780.49,767.11,0.98,601.14,809.05,0.9,773.91,749.19,0.94,638.78,849.23,1.0,707.75,856.03,1.0,672.87,978.97,0.99,689.05,992.64,1.0,641.27,1084.44,0.97,636.42,1104.91,0.98
238,0.0,0.0,0.31,0.0,0.0,0.1,0.0,0.0,0.16,673.74,610.99,0.56,726.29,615.68,0.66,631.54,662.87,0.98,749.96,685.78,0.99,586.42,728.79,0.96,782.75,760.39,0.97,598.62,784.81,0.91,775.37,748.22,0.94,635.44,830.06,1.0,706.53,838.31,1.0,666.33,948.33,0.99,687.48,965.3,1.0,630.0,1064.67,0.98,633.15,1091.28,0.98
239,0.0,0.0,0.27,0.0,0.0,0.09,0.0,0.0,0.15,0.0,0.0,0.46,723.77,599.16,0.67,631.43,653.01,0.98,751.38,672.07,0.98,590.85,716.27,0.93,795.29,744.88,0.96,591.0,764.96,0.86,771.92,725.82,0.9,647.62,814.5,1.0,720.51,820.73,1.0,664.48,930.91,0.99,689.11,941.69,0.99,637.7,1039.73,0.95,637.66,1053.17,0.96
240,738.64,569.99,0.65,0.0,0.0,0.29,730.9,559.7,0.51,690.09,571.41,0.55,715.81,577.48,0.86,638.29,639.96,0.99,745.94,659.24,0.99,594.87,702.21,0.95,801.01,731.9,0.96,591.01,752.99,0.88,775.69,734.08,0.91,659.67,800.77,1.0,722.18,807.06,1.0,670.53,917.15,0.99,681.81,925.74,0.99,653.01,1020.67,0.96,633.99,1025.42,0.96
241,0.0,0.0,0.37,0.0,0.0,0.16,0.0,0.0,0.16,672.02,579.87,0.65,724.23,582.43,0.57,641.65,638.68,0.99,755.97,652.12,0.98,600.26,705.81,0.96,792.06,726.13,0.94,588.48,758.06,0.91,777.85,738.84,0.88,660.6,792.84,1.0,727.0,796.72,1.0,680.39,898.47,0.99,701.06,913.71,0.99,674.5,993.39,0.96,667.51,1021.54,0.96
242,0.0,0.0,0.27,0.0,0.0,0.14,0.0,0.0,0.1,674.21,579.48,0.67,727.39,582.62,0.51,641.59,639.47,0.99,757.22,651.35,0.98,603.81,706.18,0.97,799.19,725.46,0.93,592.78,758.1,0.91,765.75,734.23,0.86,660.29,796.86,1.0,730.55,802.13,1.0,677.94,914.96,0.99,695.7,922.18,0.99,716.56,1025.82,0.98,702.8,1033.06,0.97
243,0.0,0.0,0.29,0.0,0.0,0.17,0.0,0.0,0.11,675.78,581.83,0.62,0.0,0.0,0.44,651.27,640.17,0.98,752.28,652.24,0.97,614.39,709.09,0.94,792.42,731.79,0.9,603.27,763.03,0.86,756.41,729.68,0.82,663.29,790.77,0.99,725.95,795.5,0.99,681.1,914.72,0.99,707.25,920.01,0.99,705.09,1032.53,0.95,707.05,1038.51,0.95
244,0.0,0.0,0.39,0.0,0.0,0.26,0.0,0.0,0.14,668.44,586.32,0.71,0.0,0.0,0.44,654.97,648.31,0.98,752.96,648.22,0.98,615.74,721.18,0.95,790.36,735.45,0.92,610.67,767.84,0.88,756.49,781.03,0.85,670.91,800.53,1.0,731.49,799.67,0.99,687.34,928.7,0.99,714.17,923.56,0.99,709.59,1053.22,0.95,713.4,1049.14,0.95
245,0.0,0.0,0.34,0.0,0.0,0.17,0.0,0.0,0.17,669.53,593.87,0.59,724.2,592.16,0.57,646.84,660.37,0.97,752.41,653.77,0.97,617.87,748.16,0.9,783.82,740.33,0.92,643.87,779.0,0.79,769.42,794.76,0.83,665.91,816.78,0.99,733.26,814.97,0.99,687.44,946.95,0.98,727.48,942.09,0.98,705.57,1068.88,0.92,712.3,1067.43,0.93
246,0.0,0.0,0.35,0.0,0.0,0.15,0.0,0.0,0.2,0.0,0.0,0.49,723.81,587.13,0.62,651.97,654.13,0.97,745.57,648.11,0.98,620.85,739.6,0.9,781.18,727.91,0.94,628.96,788.48,0.8,778.99,783.13,0.87,671.21,803.69,0.99,730.5,801.23,0.99,680.34,936.15,0.99,720.25,930.05,0.99,685.9,1065.02,0.95,698.08,1059.55,0.96
247,0.0,0.0,0.35,0.0,0.0,0.15,0.0,0.0,0.21,0.0,0.0,0.49,717.39,569.93,0.64,651.16,641.44,0.97,741.84,633.86,0.98,623.52,720.76,0.89,776.31,708.44,0.94,647.33,763.37,0.78,781.59,765.17,0.86,674.04,794.34,0.99,732.21,790.18,0.99,674.11,924.98,0.98,711.73,914.63,0.99,666.3,1050.09,0.95,677.66,1039.47,0.96
248,0.0,0.0,0.28,0.0,0.0,0.11,0.0,0.0,0.15,0.0,0.0,0.48,725.18,560.84,0.57,655.58,625.23,0.97,742.08,622.73,0.98,617.69,705.07,0.91,769.5,704.19,0.93,647.39,744.91,0.8,777.76,748.88,0.84,669.13,789.05,0.99,729.71,784.82,0.99,659.61,912.31,0.98,728.81,886.5,0.98,651.86,1026.67,0.94,723.48,985.09,0.94
249,0.0,0.0,0.37,0.0,0.0,0.09,0.0,0.0,0.31,0.0,0.0,0.33,725.1,541.61,0.82,648.35,611.22,0.97,734.36,613.41,0.99,628.01,691.43,0.85,760.48,688.74,0.97,663.11,725.34,0.73,778.77,719.51,0.91,666.03,769.73,0.99,728.42,769.94,1.0,657.01,892.8,0.99,735.5,885.68,0.99,635.72,997.61,0.95,731.34,988.16,0.97
250,0.0,0.0,0.29,0.0,0.0,0.06,0.0,0.0,0.24,0.0,0.0,0.27,727.33,546.18,0.72,644.08,600.95,0.95,733.13,613.18,0.99,628.88,682.32,0.83,750.82,687.25,0.98,661.08,717.64,0.74,784.84,706.44,0.93,660.71,749.72,0.99,723.83,757.98,1.0,647.51,856.43,0.99,737.21,893.18,1.0,607.32,936.48,0.97,726.75,1008.2,0.98
251,0.0,0.0,0.22,0.0,0.0,0.06,0.0,0.0,0.14,0.0,0.0,0.33,723.38,546.07,0.59,647.49,602.57,0.95,733.69,612.47,0.99,623.71,674.48,0.88,752.15,683.9,0.98,642.2,693.21,0.81,786.44,709.94,0.93,660.48,751.52,0.99,721.66,760.75,1.0,650.19,861.0,0.99,739.48,897.26,0.99,627.06,939.38,0.97,741.87,1006.72,0.98
252,0.0,0.0,0.29,0.0,0.0,0.07,0.0,0.0,0.19,0.0,0.0,0.37,725.01,542.8,0.66,644.88,604.2,0.96,736.22,614.9,0.99,618.21,675.66,0.89,758.63,686.76,0.98,638.6,681.76,0.82,794.53,710.9,0.94,659.8,755.46,0.99,722.02,765.57,1.0,651.42,863.74,0.99,731.39,902.34,0.99,643.41,935.68,0.96,738.36,1006.34,0.97
253,0.0,0.0,0.25,0.0,0.0,0.08,0.0,0.0,0.15,0.0,0.0,0.42,727.68,552.66,0.62,642.63,610.7,0.96,742.05,620.72,0.98,618.84,685.8,0.88,765.98,692.08,0.96,647.74,698.39,0.8,798.57,708.04,0.91,660.21,766.75,0.99,724.56,775.68,0.99,670.6,879.23,0.98,727.72,908.36,0.99,680.77,965.87,0.94,730.84,1018.03,0.96
254,0.0,0.0,0.26,0.0,0.0,0.09,0.0,0.0,0.13,681.74,554.03,0.52,733.37,557.41,0.59,641.74,613.66,0.97,750.42,628.63,0.98,609.32,688.14,0.92,778.0,704.11,0.95,647.29,707.75,0.86,804.11,704.01,0.89,661.27,772.87,0.99,728.46,781.8,1.0,684.33,889.6,0.99,719.95,910.02,0.99,692.33,989.13,0.96,712.82,1024.08,0.96
255,0.0,0.0,0.24,0.0,0.0,0.09,0.0,0.0,0.11,681.58,564.93,0.55,0.0,0.0,0.5,642.2,619.39,0.97,762.79,641.37,0.97,597.83,693.75,0.93,793.48,718.8,0.94,632.35,727.71,0.87,786.97,690.87,0.87,650.14,783.21,0.99,722.6,791.05,0.99,675.24,903.23,0.98,709.4,921.56,0.98,667.65,998.18,0.93,688.38,1030.64,0.93
256,732.38,552.04,0.56,0.0,0.0,0.23,0.0,0.0,0.4,690.54,549.58,0.56,724.41,555.13,0.75,643.6,608.43,0.98,750.41,629.45,0.98,593.72,673.4,0.93,795.88,699.5,0.95,613.43,714.04,0.87,797.37,687.35,0.9,659.48,773.67,0.99,719.99,780.38,0.99,689.32,895.82,0.98,706.57,906.97,0.98,669.67,1005.53,0.92,660.13,1022.51,0.92
257,0.0,0.0,0.22,0.0,0.0,0.08,0.0,0.0,0.1,684.07,550.32,0.51,736.87,552.8,0.54,643.0,599.58,0.98,760.75,613.12,0.98,602.88,656.23,0.95,794.0,667.4,0.95,612.8,702.31,0.9,795.26,672.86,0.9,656.59,752.9,1.0,727.07,759.36,1.0,676.38,863.39,0.99,700.85,882.74,0.99,660.38,969.15,0.98,661.26,1000.7,0.98
258,0.0,0.0,0.23,0.0,0.0,0.1,0.0,0.0,0.1,684.52,535.05,0.51,0.0,0.0,0.49,651.7,585.81,0.97,757.96,601.66,0.97,609.05,636.69,0.94,794.09,667.04,0.94,605.27,676.8,0.89,783.61,666.89,0.89,659.12,735.66,1.0,723.03,741.79,1.0,678.62,852.36,0.99,701.72,866.01,0.99,662.93,960.93,0.96,659.38,982.18,0.96
259,0.0,0.0,0.27,0.0,0.0,0.12,0.0,0.0,0.11,679.62,527.23,0.53,731.4,529.59,0.5,653.82,582.65,0.98,756.11,592.74,0.98,617.6,635.18,0.95,789.01,656.91,0.95,608.29,653.62,0.9,776.84,653.52,0.9,666.45,727.91,1.0,728.71,731.86,1.0,684.88,827.57,0.99,709.33,836.04,0.99,676.59,914.54,0.96,669.53,927.15,0.96
260,0.0,0.0,0.26,0.0,0.0,0.14,0.0,0.0,0.09,679.97,525.06,0.62,0.0,0.0,0.43,655.23,580.47,0.98,758.47,586.95,0.98,616.6,635.46,0.97,792.95,649.53,0.95,599.5,670.46,0.92,769.89,655.48,0.9,665.95,721.08,1.0,728.66,724.48,1.0,677.98,830.05,0.99,701.84,843.64,0.99,689.3,927.59,0.98,686.82,951.11,0.98
261,0.0,0.0,0.29,0.0,0.0,0.15,0.0,0.0,0.11,679.16,520.87,0.63,0.0,0.0,0.48,654.08,578.96,0.98,757.63,580.5,0.98,619.66,642.56,0.96,794.03,645.18,0.94,601.62,679.43,0.91,764.62,657.88,0.89,669.78,720.08,1.0,732.58,721.84,1.0,686.39,835.8,0.99,706.59,843.31,0.99,716.12,941.97,0.97,703.83,955.22,0.97
262,0.0,0.0,0.13,0.0,0.0,0.12,0.0,0.0,0.05,674.91,523.99,0.84,719.23,521.85,0.52,656.17,583.92,0.99,747.57,578.72,0.99,618.31,662.53,0.96,779.97,645.93,0.92,598.99,680.48,0.83,777.12,652.22,0.75,677.31,724.46,1.0,730.65,722.73,1.0,693.23,839.11,0.99,717.8,838.97,0.98,715.94,947.08,0.95,705.74,944.7,0.94
263,0.0,0.0,0.08,0.0,0.0,0.05,0.0,0.0,0.04,674.63,528.13,0.62,724.76,525.49,0.67,648.43,591.36,0.98,747.44,586.11,0.99,615.95,670.28,0.91,779.53,656.53,0.93,618.84,688.0,0.68,772.18,661.79,0.72,673.85,741.97,0.99,733.41,740.77,0.99,692.29,863.21,0.98,717.88,863.24,0.98,716.13,976.93,0.93,709.84,976.66,0.93
264,0.0,0.0,0.1,0.0,0.0,0.06,0.0,0.0,0.05,671.62,539.79,0.74,720.08,534.92,0.72,648.89,600.02,0.99,748.61,593.21,0.99,616.91,673.13,0.94,784.27,665.66,0.95,621.85,685.38,0.75,781.34,679.78,0.79,674.66,742.07,1.0,734.42,739.78,1.0,701.9,862.33,0.99,728.33,861.33,0.99,713.25,982.83,0.96,708.21,979.93,0.96
265,0.0,0.0,0.06,0.0,0.0,0.03,0.0,0.0,0.05,674.47,546.03,0.58,720.58,541.97,0.83,648.77,605.16,0.99,747.01,600.89,1.0,616.03,670.02,0.92,790.43,672.18,0.98,626.8,683.55,0.73,813.01,697.09,0.89,676.86,748.74,1.0,735.61,747.55,1.0,699.68,862.82,0.99,732.99,861.9,0.99,705.59,976.72,0.96,711.98,975.09,0.97
266,0.0,0.0,0.08,0.0,0.0,0.03,0.0,0.0,0.07,675.25,543.59,0.53,721.08,540.37,0.85,648.85,601.95,0.99,745.39,597.45,1.0,616.54,665.68,0.91,785.19,663.17,0.98,631.57,679.95,0.7,801.22,682.82,0.89,675.44,747.52,1.0,733.74,746.39,1.0,699.55,862.81,0.99,732.31,862.01,0.99,694.76,972.12,0.94,701.79,971.12,0.96
267,0.0,0.0,0.12,0.0,0.0,0.04,0.0,0.0,0.12,0.0,0.0,0.5,722.59,534.18,0.9,650.18,591.67,0.99,742.87,590.45,1.0,623.35,655.05,0.87,775.52,657.67,0.98,649.03,672.3,0.63,790.36,680.99,0.87,673.49,737.17,1.0,733.47,737.43,1.0,681.58,839.52,0.98,733.06,839.29,0.99,674.21,942.0,0.94,715.88,942.74,0.96
268,0.0,0.0,0.12,0.0,0.0,0.03,0.0,0.0,0.13,0.0,0.0,0.4,720.04,529.09,0.91,653.55,585.44,0.98,736.06,584.99,0.99,628.83,648.62,0.84,765.79,650.64,0.98,650.9,660.48,0.6,789.3,665.51,0.87,678.13,721.65,0.99,733.18,722.43,1.0,682.37,816.63,0.98,743.41,816.49,0.99,668.16,901.53,0.94,729.94,902.65,0.96
269,0.0,0.0,0.29,0.0,0.0,0.1,0.0,0.0,0.16,0.0,0.0,0.41,729.18,524.42,0.58,664.82,584.22,0.98,735.81,584.66,0.98,641.6,649.94,0.93,753.12,649.55,0.96,651.6,656.65,0.86,773.89,661.09,0.9,680.17,720.0,1.0,732.27,720.07,1.0,669.7,829.33,0.99,741.86,823.62,0.99,661.3,926.35,0.97,737.76,918.06,0.98
270,0.0,0.0,0.1,0.0,0.0,0.03,0.0,0.0,0.1,0.0,0.0,0.39,727.2,520.05,0.86,657.15,576.98,0.98,737.3,577.83,0.99,632.07,648.04,0.86,754.37,649.88,0.97,655.6,663.62,0.65,773.19,662.75,0.85,675.98,717.46,1.0,731.67,719.0,1.0,670.0,824.18,0.98,742.03,825.22,0.99,658.23,920.5,0.94,740.59,923.61,0.96
271,0.0,0.0,0.12,0.0,0.0,0.04,0.0,0.0,0.1,0.0,0.0,0.46,723.36,516.84,0.82,658.63,574.29,0.98,735.26,575.31,0.99,633.36,646.38,0.87,753.36,650.38,0.96,650.84,662.37,0.65,782.53,663.01,0.82,676.4,715.96,0.99,726.97,717.98,1.0,684.01,816.68,0.97,739.42,818.48,0.98,688.35,916.96,0.91,741.6,919.71,0.94
272,0.0,0.0,0.1,0.0,0.0,0.04,0.0,0.0,0.08,0.0,0.0,0.43,728.96,524.74,0.77,661.42,578.06,0.98,737.48,581.08,0.99,633.85,649.26,0.88,754.58,653.6,0.96,649.22,661.45,0.69,778.3,657.18,0.82,673.03,714.8,0.99,722.53,717.67,1.0,685.47,818.0,0.98,735.95,820.9,0.98,686.79,917.95,0.92,732.76,922.61,0.94
273,0.0,0.0,0.11,0.0,0.0,0.06,0.0,0.0,0.07,692.55,531.55,0.62,734.82,533.12,0.75,664.01,587.97,0.98,748.52,592.83,0.99,632.12,656.92,0.9,766.94,666.91,0.95,645.2,662.51,0.71,785.11,666.33,0.79,673.05,730.06,0.99,726.66,733.51,0.99,690.29,831.97,0.97,739.01,836.23,0.98,685.42,928.44,0.9,721.81,933.41,0.91
274,0.0,0.0,0.14,0.0,0.0,0.06,0.0,0.0,0.1,692.03,541.78,0.57,736.19,543.3,0.78,662.68,597.29,0.99,751.67,598.79,0.99,637.48,662.25,0.91,781.27,657.75,0.95,647.05,678.91,0.72,772.62,660.32,0.8,674.49,732.31,0.99,729.35,734.12,1.0,697.13,835.83,0.98,728.43,838.44,0.98,697.03,934.59,0.94,706.25,939.29,0.95
275,0.0,0.0,0.14,0.0,0.0,0.07,0.0,0.0,0.08,701.07,536.99,0.59,748.03,538.06,0.67,676.94,594.81,0.98,763.91,595.74,0.99,641.49,661.65,0.92,786.78,661.27,0.94,646.31,682.05,0.76,781.34,673.11,0.81,681.9,733.16,0.99,734.3,733.26,0.99,697.65,838.71,0.97,722.81,840.17,0.98,690.94,935.68,0.9,691.91,938.64,0.91
276,0.0,0.0,0.09,0.0,0.0,0.05,0.0,0.0,0.06,697.41,526.64,0.6,744.18,528.82,0.7,667.93,578.76,0.98,760.24,581.19,0.99,635.04,643.33,0.92,788.66,637.8,0.96,647.72,671.85,0.74,784.13,647.61,0.81,678.37,715.65,1.0,733.96,717.82,1.0,697.1,815.76,0.98,720.22,819.04,0.99,694.3,913.63,0.95,689.45,918.39,0.96
277,0.0,0.0,0.3,0.0,0.0,0.11,0.0,0.0,0.19,0.0,0.0,0.4,737.97,517.6,0.67,659.97,569.0,0.96,762.67,575.05,0.98,642.08,634.64,0.88,797.7,630.32,0.94,650.48,676.49,0.79,774.4,625.33,0.87,673.94,702.83,0.99,738.55,706.33,0.99,682.52,796.38,0.98,715.23,807.69,0.99,678.98,888.0,0.95,689.5,902.45,0.95
278,0.0,0.0,0.18,0.0,0.0,0.08,0.0,0.0,0.12,695.96,508.33,0.54,742.94,509.8,0.77,671.12,563.79,0.99,759.7,562.51,0.99,640.82,634.1,0.92,792.22,619.67,0.97,634.48,654.85,0.79,776.92,617.56,0.88,679.21,692.53,0.99,733.15,691.83,1.0,691.67,787.78,0.98,719.55,788.07,0.98,685.22,879.15,0.92,689.24,882.18,0.94
279,0.0,0.0,0.2,0.0,0.0,0.07,0.0,0.0,0.17,0.0,0.0,0.45,738.96,507.8,0.86,670.43,563.42,0.99,755.77,559.29,1.0,643.73,636.26,0.9,791.02,613.47,0.98,637.29,665.68,0.75,784.45,615.5,0.91,684.93,688.01,0.99,737.09,686.46,1.0,697.03,779.73,0.98,723.85,778.64,0.99,693.07,868.07,0.94,696.96,870.03,0.96
280,0.0,0.0,0.14,0.0,0.0,0.08,0.0,0.0,0.08,695.18,507.62,0.6,739.42,506.18,0.68,675.96,562.7,0.99,760.36,558.01,0.99,645.87,630.21,0.94,792.6,616.19,0.96,625.1,650.3,0.81,778.61,622.25,0.86,691.53,686.0,0.99,741.79,683.45,1.0,701.49,784.93,0.98,722.85,783.43,0.98,709.78,876.07,0.91,704.61,875.98,0.92
281,0.0,0.0,0.19,0.0,0.0,0.14,0.0,0.0,0.08,697.34,515.67,0.75,738.75,513.5,0.58,681.37,568.95,0.99,762.24,562.96,0.99,650.94,636.03,0.95,792.31,618.94,0.94,629.65,651.1,0.83,774.06,618.01,0.81,698.38,693.83,0.99,746.54,690.7,0.99,702.85,794.28,0.98,723.15,792.66,0.98,719.51,888.82,0.92,712.94,887.02,0.91
282,0.0,0.0,0.12,0.0,0.0,0.09,0.0,0.0,0.05,696.04,516.74,0.69,740.24,514.09,0.56,681.11,569.51,0.99,766.69,564.17,0.99,651.75,634.04,0.95,797.6,625.49,0.95,633.23,649.8,0.82,778.89,638.59,0.82,699.94,697.62,1.0,751.12,694.42,1.0,711.31,803.47,0.98,733.14,801.43,0.98,723.49,902.83,0.94,717.15,900.23,0.94
283,0.0,0.0,0.16,0.0,0.0,0.15,0.0,0.0,0.06,700.98,525.59,0.86,739.69,522.04,0.56,685.37,576.99,0.99,768.07,573.16,0.99,654.79,635.98,0.95,795.54,637.4,0.9,658.61,644.04,0.8,783.91,657.93,0.69,703.6,701.87,1.0,754.39,700.21,1.0,714.78,801.65,0.99,744.75,801.5,0.99,720.79,900.24,0.97,729.77,896.64,0.96
284,0.0,0.0,0.12,0.0,0.0,0.09,0.0,0.0,0.06,700.43,532.49,0.74,738.97,529.46,0.68,682.15,580.87,0.99,764.7,578.28,0.99,658.18,634.99,0.94,795.15,640.35,0.95,663.35,645.85,0.78,791.51,667.74,0.81,702.29,701.67,1.0,753.1,700.52,1.0,711.52,801.64,0.98,744.75,801.22,0.98,717.4,898.36,0.95,731.11,896.27,0.95
285,0.0,0.0,0.13,0.0,0.0,0.05,0.0,0.0,0.1,710.36,522.64,0.51,750.83,521.49,0.8,688.5,570.37,0.99,772.61,570.42,0.99,665.94,624.44,0.91,794.58,639.61,0.97,680.92,647.47,0.74,795.87,685.86,0.86,708.37,696.64,1.0,762.81,695.75,1.0,712.39,796.86,0.98,751.26,795.19,0.99,712.2,889.96,0.95,738.96,889.35,0.96
286,0.0,0.0,0.16,0.0,0.0,0.06,0.0,0.0,0.13,717.33,509.85,0.54,753.98,508.7,0.84,692.44,560.0,0.99,772.11,558.35,0.99,672.13,617.45,0.89,795.65,620.46,0.96,695.29,638.71,0.7,804.38,649.92,0.84,709.77,684.08,0.99,763.29,683.49,1.0,707.04,777.54,0.98,761.03,776.63,0.99,700.11,865.93,0.94,754.64,866.13,0.95
